tranche,dataset,condition,method,seed,max_train_per_task,final_avg_acc,buffer_size,buffer_purity,buffer_class_balance,class_count_variance,minority_class_coverage,n_classes_represented,normalized_class_entropy,replay_loss_clean,replay_loss_noisy,run_id_str
1,split_cifar10,sym20,er,0,,0.6265999999999999,500,0.758,0.5806451612903226,58.4,1.0,10,0.9948220682931094,0.05139648992520946,0.1047759454019833,split_cifar10_sym20_er_0
1,split_cifar10,sym20,er,1,,0.6775,500,0.814,0.5538461538461539,71.0,1.0,10,0.9937749674459265,0.061946170121602064,0.0988319004087745,split_cifar10_sym20_er_1
1,split_cifar10,sym20,er,2,,0.6527000000000001,500,0.768,0.6779661016949152,36.0,1.0,10,0.9968723938632593,0.030936898516842243,0.029176356015477464,split_cifar10_sym20_er_2
1,split_cifar10,sym20,er,3,,0.6768000000000001,500,0.808,0.578125,53.6,1.0,10,0.9953472506877703,0.040534110026211094,0.11941498746215078,split_cifar10_sym20_er_3
1,split_cifar10,sym20,er,4,,0.6814,500,0.818,0.53125,75.6,1.0,10,0.9932364534927554,0.12320659233045834,0.28388428144281413,split_cifar10_sym20_er_4
1,split_cifar10,sym20,gate_conf,0,,0.6961,500,0.84,0.4084507042253521,165.4,1.0,10,0.9855118700020274,0.029260074856224078,0.25974747614680355,split_cifar10_sym20_gate_conf_0
1,split_cifar10,sym20,gate_conf,1,,0.6520999999999999,500,0.812,0.38961038961038963,232.0,1.0,10,0.9797661840466314,0.057778793357425376,0.263042209434953,split_cifar10_sym20_gate_conf_1
1,split_cifar10,sym20,gate_conf,2,,0.6728999999999999,500,0.86,0.34615384615384615,305.2,1.0,10,0.973558527228609,0.036811472583239545,0.13593321213530465,split_cifar10_sym20_gate_conf_2
1,split_cifar10,sym20,gate_conf,3,,0.6609999999999999,500,0.852,0.391304347826087,169.0,1.0,10,0.9843667182281435,0.04622695281320519,0.1330184454174428,split_cifar10_sym20_gate_conf_3
1,split_cifar10,sym20,gate_conf,4,,0.6722,500,0.824,0.27710843373493976,245.4,1.0,10,0.9784710253333122,0.047958918142840756,0.0917423007690029,split_cifar10_sym20_gate_conf_4
1,split_cifar10,sym20,gate_loss,0,,0.7003999999999999,500,0.874,0.6909090909090909,28.8,1.0,10,0.9973707758312621,0.05278959720885769,0.11124798756508975,split_cifar10_sym20_gate_loss_0
1,split_cifar10,sym20,gate_loss,1,,0.7326,500,0.852,0.6031746031746031,62.8,1.0,10,0.9944840433439994,0.024171802533662308,0.08271740948333442,split_cifar10_sym20_gate_loss_1
1,split_cifar10,sym20,gate_loss,2,,0.6819999999999999,500,0.882,0.6610169491525424,56.0,1.0,10,0.995022126578318,0.045499573514645404,0.06160948560276195,split_cifar10_sym20_gate_loss_2
1,split_cifar10,sym20,gate_loss,3,,0.7089,500,0.84,0.6557377049180327,48.4,1.0,10,0.9957634566023562,0.016144080323936584,0.011638747860313537,split_cifar10_sym20_gate_loss_3
1,split_cifar10,sym20,gate_loss,4,,0.7148000000000001,500,0.858,0.6557377049180327,38.6,1.0,10,0.9966362883595455,0.07861059870031369,0.13154926743099213,split_cifar10_sym20_gate_loss_4
1,split_cifar10,sym20,oracle,0,,0.7622000000000001,500,1.0,0.7719298245614035,15.0,1.0,10,0.9986930026928122,0.07121756058008494,,split_cifar10_sym20_oracle_0
1,split_cifar10,sym20,oracle,1,,0.7775000000000001,500,1.0,0.75,26.2,1.0,10,0.9976733936572996,0.03799288236330851,,split_cifar10_sym20_oracle_1
1,split_cifar10,sym20,oracle,2,,0.7469,500,1.0,0.7413793103448276,19.4,1.0,10,0.9983198602440453,0.038589579257987054,,split_cifar10_sym20_oracle_2
1,split_cifar10,sym20,oracle,3,,0.7491000000000001,500,1.0,0.7666666666666667,17.6,1.0,10,0.998516609576917,0.06109693477909288,,split_cifar10_sym20_oracle_3
1,split_cifar10,sym20,oracle,4,,0.7604,500,1.0,0.639344262295082,45.4,1.0,10,0.9960675092769489,0.03158617651304722,,split_cifar10_sym20_oracle_4
2,split_cifar10,sym60,er,0,,0.39390000000000003,500,0.36,0.6949152542372882,38.2,1.0,10,0.9966775127491021,0.08372198109799582,0.07544934903393921,split_cifar10_sym60_er_0
2,split_cifar10,sym60,er,1,,0.4619,500,0.414,0.5,77.8,1.0,10,0.9929037749960009,0.11158402350213442,0.06645779994675559,split_cifar10_sym60_er_1
2,split_cifar10,sym60,er,2,,0.4558,500,0.446,0.6885245901639344,38.4,1.0,10,0.996709211647076,0.1446087955444114,0.06991289144961797,split_cifar10_sym60_er_2
2,split_cifar10,sym60,er,3,,0.4626,500,0.418,0.6206896551724138,41.8,1.0,10,0.9962253073171604,0.13465573359336525,0.1261958706644069,split_cifar10_sym60_er_3
2,split_cifar10,sym60,er,4,,0.4606,500,0.384,0.6166666666666667,56.2,1.0,10,0.9949985171520173,0.09922283389900226,0.0743807601837568,split_cifar10_sym60_er_4
2,split_cifar10,sym60,gate_conf,0,,0.45199999999999996,500,0.358,0.3698630136986301,204.4,1.0,10,0.9820584280268029,0.10166309947127893,0.10395937034771209,split_cifar10_sym60_gate_conf_0
2,split_cifar10,sym60,gate_conf,1,,0.4666,500,0.41,0.4788732394366197,141.2,1.0,10,0.9880213231398011,0.061558939429298846,0.03314438387763263,split_cifar10_sym60_gate_conf_1
2,split_cifar10,sym60,gate_conf,2,,0.47450000000000003,500,0.36,0.4520547945205479,150.6,1.0,10,0.9870171977540652,0.26093680774915173,0.4610555416542955,split_cifar10_sym60_gate_conf_2
2,split_cifar10,sym60,gate_conf,3,,0.4629999999999999,500,0.386,0.5294117647058824,117.2,1.0,10,0.9899132543594154,0.07684146953783344,0.12966529359027937,split_cifar10_sym60_gate_conf_3
2,split_cifar10,sym60,gate_conf,4,,0.45,500,0.384,0.37662337662337664,209.2,1.0,10,0.9816079686023954,0.11008393811620128,0.095558183060886,split_cifar10_sym60_gate_conf_4
2,split_cifar10,sym60,gate_loss,0,,0.42590000000000006,500,0.354,0.6333333333333333,42.8,1.0,10,0.99625420080272,0.05187457864765231,0.047350461113570844,split_cifar10_sym60_gate_loss_0
2,split_cifar10,sym60,gate_loss,1,,0.43290000000000006,500,0.376,0.5373134328358209,122.4,1.0,10,0.989497586020886,0.06904709181944206,0.049320579461729026,split_cifar10_sym60_gate_loss_1
2,split_cifar10,sym60,gate_loss,2,,0.4311,500,0.388,0.5384615384615384,88.0,1.0,10,0.9922623602870635,0.1469552743541434,0.14296099968103415,split_cifar10_sym60_gate_loss_2
2,split_cifar10,sym60,gate_loss,3,,0.45570000000000005,500,0.382,0.6349206349206349,41.0,1.0,10,0.9964390557884448,0.08692054684608708,0.11107504176526092,split_cifar10_sym60_gate_loss_3
2,split_cifar10,sym60,gate_loss,4,,0.45969999999999994,500,0.378,0.5285714285714286,97.8,1.0,10,0.9917344722583141,0.12802892753535114,0.09679897209808452,split_cifar10_sym60_gate_loss_4
2,split_cifar10,sym60,oracle,0,,0.6648,500,1.0,0.5652173913043478,77.8,1.0,10,0.9934534269213949,0.1427103729397976,,split_cifar10_sym60_oracle_0
2,split_cifar10,sym60,oracle,1,,0.6773,500,1.0,0.6119402985074627,59.0,1.0,10,0.9950481744588818,0.023466505414778027,,split_cifar10_sym60_oracle_1
2,split_cifar10,sym60,oracle,2,,0.6107,500,1.0,0.5230769230769231,89.2,1.0,10,0.9922047594952658,0.12668855304081686,,split_cifar10_sym60_oracle_2
2,split_cifar10,sym60,oracle,3,,0.6464,500,1.0,0.5737704918032787,48.8,1.0,10,0.995595243091786,0.05421549910607263,,split_cifar10_sym60_oracle_3
2,split_cifar10,sym60,oracle,4,,0.6136,500,1.0,0.5555555555555556,47.2,1.0,10,0.9957859752881304,0.05386762147586752,,split_cifar10_sym60_oracle_4
3,seq_cifar10,sym20,er,0,,0.1652,500,0.758,0.5230769230769231,67.2,1.0,10,0.9940520070976985,4.226085783462507,3.246541548081441,seq_cifar10_sym20_er_0
3,seq_cifar10,sym20,er,1,,0.2138,500,0.814,0.5223880597014925,108.6,1.0,10,0.9904335521731717,0.7459058382828201,1.5186378388104351,seq_cifar10_sym20_er_1
3,seq_cifar10,sym20,er,2,,0.21080000000000002,500,0.768,0.6190476190476191,56.0,1.0,10,0.995147399794675,0.2928832213145185,0.13899265819434484,seq_cifar10_sym20_er_2
3,seq_cifar10,sym20,er,3,,0.20919999999999997,500,0.808,0.6557377049180327,53.4,1.0,10,0.9954273015871022,1.1468984071211663,1.0345034057869498,seq_cifar10_sym20_er_3
3,seq_cifar10,sym20,er,4,,0.2002,500,0.818,0.6607142857142857,35.4,1.0,10,0.9967857924205386,1.5403069122713289,0.343526556807574,seq_cifar10_sym20_er_4
3,seq_cifar10,sym20,gate_conf,0,,0.2044,500,0.804,0.47058823529411764,110.6,1.0,10,0.9901738699938429,0.7751893488366612,0.06699993017906884,seq_cifar10_sym20_gate_conf_0
3,seq_cifar10,sym20,gate_conf,1,,0.21799999999999997,500,0.82,0.5384615384615384,89.0,1.0,10,0.9920868277156135,1.0723726083375458,1.303291301405827,seq_cifar10_sym20_gate_conf_1
3,seq_cifar10,sym20,gate_conf,2,,0.21719999999999998,500,0.818,0.5,78.8,1.0,10,0.9931012530220146,0.2678370873685472,0.026302543614552372,seq_cifar10_sym20_gate_conf_2
3,seq_cifar10,sym20,gate_conf,3,,0.21059999999999998,500,0.806,0.625,59.2,1.0,10,0.9949568953336735,0.48401942864382785,0.17984087825508824,seq_cifar10_sym20_gate_conf_3
3,seq_cifar10,sym20,gate_conf,4,,0.24700000000000003,500,0.814,0.6440677966101694,66.4,1.0,10,0.994015258815627,1.2914076540898731,0.0879092723582475,seq_cifar10_sym20_gate_conf_4
3,seq_cifar10,sym20,gate_loss,0,,0.21939999999999998,500,0.964,0.3246753246753247,235.2,1.0,10,0.9791451161397781,2.6412133894079335,0.5679070957315465,seq_cifar10_sym20_gate_loss_0
3,seq_cifar10,sym20,gate_loss,1,,0.2202,500,0.962,0.4375,189.2,1.0,10,0.984504655154886,5.241467534117159,0.7386641339644006,seq_cifar10_sym20_gate_loss_1
3,seq_cifar10,sym20,gate_loss,2,,0.2292,500,0.96,0.4155844155844156,219.0,1.0,10,0.9819539434791049,7.195769833250231,1.1493893083534203,seq_cifar10_sym20_gate_loss_2
3,seq_cifar10,sym20,gate_loss,3,,0.28759999999999997,500,0.968,0.37349397590361444,271.0,1.0,10,0.9781333476226366,1.9999194337278297,1.9963530414970592,seq_cifar10_sym20_gate_loss_3
3,seq_cifar10,sym20,gate_loss,4,,0.23399999999999999,500,0.956,0.4024390243902439,255.8,1.0,10,0.9793257325312364,4.135469390040412,0.31814027167010034,seq_cifar10_sym20_gate_loss_4
3,seq_cifar10,sym20,oracle,0,,0.2162,500,1.0,0.7719298245614035,15.0,1.0,10,0.9986930026928122,1.7855877535322215,,seq_cifar10_sym20_oracle_0
3,seq_cifar10,sym20,oracle,1,,0.2404,500,1.0,0.75,26.2,1.0,10,0.9976733936572996,1.978806352270767,,seq_cifar10_sym20_oracle_1
3,seq_cifar10,sym20,oracle,2,,0.20739999999999997,500,1.0,0.7413793103448276,19.4,1.0,10,0.9983198602440453,1.6431260455977172,,seq_cifar10_sym20_oracle_2
3,seq_cifar10,sym20,oracle,3,,0.24059999999999998,500,1.0,0.7666666666666667,17.6,1.0,10,0.998516609576917,2.712580828665843,,seq_cifar10_sym20_oracle_3
3,seq_cifar10,sym20,oracle,4,,0.2016,500,1.0,0.639344262295082,45.4,1.0,10,0.9960675092769489,1.5907183242950123,,seq_cifar10_sym20_oracle_4
4,seq_cifar10,sym60,er,0,,0.1274,500,0.36,0.6779661016949152,37.0,1.0,10,0.9967516709610028,0.07515801984620553,0.053425391212985285,seq_cifar10_sym60_er_0
4,seq_cifar10,sym60,er,1,,0.13679999999999998,500,0.414,0.6349206349206349,53.0,1.0,10,0.9954627294088249,0.10878525248174666,0.09365929872258313,seq_cifar10_sym60_er_1
4,seq_cifar10,sym60,er,2,,0.14420000000000002,500,0.446,0.609375,42.2,1.0,10,0.9963905438301438,0.7072284586730542,0.17652536830112853,seq_cifar10_sym60_er_2
4,seq_cifar10,sym60,er,3,,0.1426,500,0.418,0.7213114754098361,30.0,1.0,10,0.9974554563424303,0.03177539132092743,0.024559783595578245,seq_cifar10_sym60_er_3
4,seq_cifar10,sym60,er,4,,0.1482,500,0.384,0.5806451612903226,44.6,1.0,10,0.9960301546206408,0.03138502324478443,0.029861958301806567,seq_cifar10_sym60_er_4
4,seq_cifar10,sym60,gate_conf,0,,0.1512,500,0.428,0.5606060606060606,75.6,1.0,10,0.9935209924620761,0.023305480706799386,0.043210663432453535,seq_cifar10_sym60_gate_conf_0
4,seq_cifar10,sym60,gate_conf,1,,0.14140000000000003,500,0.398,0.4925373134328358,129.0,1.0,10,0.9885814977526168,0.08121278560153805,0.0793153103792404,seq_cifar10_sym60_gate_conf_1
4,seq_cifar10,sym60,gate_conf,2,,0.1422,500,0.416,0.5625,57.6,1.0,10,0.9948788820802361,0.02759836844485773,0.02048757849368786,seq_cifar10_sym60_gate_conf_2
4,seq_cifar10,sym60,gate_conf,3,,0.1396,500,0.396,0.3466666666666667,164.4,1.0,10,0.9852011701913872,0.03332738626688842,0.021050755955775467,seq_cifar10_sym60_gate_conf_3
4,seq_cifar10,sym60,gate_conf,4,,0.1466,500,0.388,0.5606060606060606,68.2,1.0,10,0.9940442831167312,0.05518138562567397,0.04215011181929702,seq_cifar10_sym60_gate_conf_4
4,seq_cifar10,sym60,gate_loss,0,,0.18000000000000002,500,0.586,0.012345679012345678,2589.6,1.0,10,0.7990094690474612,2.3434652884547122,1.4305849524186312,seq_cifar10_sym60_gate_loss_0
4,seq_cifar10,sym60,gate_loss,1,,0.1994,500,0.59,0.09022556390977443,1881.4,1.0,10,0.8594573344001868,1.8520982947162785,1.250537084385941,seq_cifar10_sym60_gate_loss_1
4,seq_cifar10,sym60,gate_loss,2,,0.142,500,0.498,0.5151515151515151,90.0,1.0,10,0.9919263297555606,0.04951590816999562,0.06520215067917627,seq_cifar10_sym60_gate_loss_2
4,seq_cifar10,sym60,gate_loss,3,,0.16040000000000001,500,0.462,0.38372093023255816,313.8,1.0,10,0.9750162791850501,0.18545624533892918,0.06320712928158045,seq_cifar10_sym60_gate_loss_3
4,seq_cifar10,sym60,gate_loss,4,,0.17060000000000003,500,0.602,0.14516129032258066,865.2,1.0,10,0.9363525442150132,1.254848009314619,0.48868509852404624,seq_cifar10_sym60_gate_loss_4
4,seq_cifar10,sym60,oracle,0,,0.22080000000000002,500,1.0,0.5652173913043478,77.8,1.0,10,0.9934534269213949,7.093111004322765,,seq_cifar10_sym60_oracle_0
4,seq_cifar10,sym60,oracle,1,,0.19160000000000002,500,1.0,0.6119402985074627,59.0,1.0,10,0.9950481744588818,0.5410316581304941,,seq_cifar10_sym60_oracle_1
4,seq_cifar10,sym60,oracle,2,,0.1786,500,1.0,0.5230769230769231,89.2,1.0,10,0.9922047594952658,1.3462717244345694,,seq_cifar10_sym60_oracle_2
4,seq_cifar10,sym60,oracle,3,,0.1868,500,1.0,0.5737704918032787,48.8,1.0,10,0.995595243091786,6.146562664851547,,seq_cifar10_sym60_oracle_3
4,seq_cifar10,sym60,oracle,4,,0.22800000000000004,500,1.0,0.5555555555555556,47.2,1.0,10,0.9957859752881304,2.7456793050303823,,seq_cifar10_sym60_oracle_4
