,,,final_avg_acc,final_avg_acc,buffer_purity,buffer_purity,normalized_class_entropy,normalized_class_entropy,class_count_variance,class_count_variance,minority_class_coverage,minority_class_coverage,replay_loss_clean,replay_loss_clean,replay_loss_noisy,replay_loss_noisy
,,,mean,std,mean,std,mean,std,mean,std,mean,std,mean,std,mean,std
dataset,condition,method,,,,,,,,,,,,,,
seq_cifar10,sym20,er,0.19984,0.020016693033565753,0.7932,0.028021420377989364,0.9943692106146372,0.002405983581073956,64.12,27.357119731433716,1.0,0.0,1.590416032490468,1.5445681199230232,1.256440401536149,1.2410285297559709
seq_cifar10,sym20,gate_conf,0.21944,0.016363007058606324,0.8124,0.007127411872482119,0.9928668209761543,0.0018440887420917522,80.8,20.206434618705003,1.0,0.0,0.7781652254552911,0.41741501794968167,0.3328687851625568,0.5453924439669168
seq_cifar10,sym20,gate_loss,0.23807999999999999,0.028356516006025838,0.962,0.004472135954999583,0.9806125589855285,0.002593430390527037,234.04000000000002,31.928482582171053,1.0,0.0,4.242767916108713,2.0811343325373133,0.9540907702433055,0.6565880869655528
seq_cifar10,sym20,oracle,0.22123999999999996,0.0183343393663366,1.0,0.0,0.9978540750896047,0.0010705337994815194,24.72,12.28136800197763,1.0,0.0,1.9421638608723122,0.4561629736108984,,
seq_cifar10,sym60,er,0.13984000000000002,0.008070192067107209,0.4044,0.03314815228636431,0.9964181110326085,0.0007502285806575441,41.36,8.58417148011385,1.0,0.0,0.19086642911334364,0.2904736555296635,0.07560636002681635,0.06265152324300116
seq_cifar10,sym60,gate_conf,0.14420000000000002,0.004684015371452144,0.40519999999999995,0.016346253393362042,0.9912453651206095,0.004178616665202483,98.96000000000001,45.79113451313474,1.0,0.0,0.04412508132915151,0.024087952903811938,0.04124288401609085,0.023941123669474474
seq_cifar10,sym60,gate_loss,0.17048000000000002,0.021446025272763257,0.5476,0.06328348915791539,0.9123523913206544,0.0813622869260123,1148.0,1061.9928907483327,1.0,0.0,1.1370767491989069,1.0085719302827734,0.659643283057875,0.6484268633120688
seq_cifar10,sym60,oracle,0.20116,0.02186705284211845,1.0,0.0,0.9944175158510917,0.0015397411404588178,64.4,18.459144075498195,1.0,0.0,3.574531271353951,2.9090378529824403,,
split_cifar10,sym20,er,0.663,0.02329323936252751,0.7932,0.028021420377989364,0.9948106267565642,0.0014221103532033445,58.92,15.636879484091445,1.0,0.0,0.06160405218406464,0.03634419176781884,0.12721669414624004,0.09424275987712505
split_cifar10,sym20,gate_conf,0.67086,0.016524012829818344,0.8375999999999999,0.019718012070185954,0.9803348649677448,0.004815944122550955,223.4,58.25066523225293,1.0,0.0,0.04360724235058699,0.010939110165940808,0.17669672878070136,0.07927748771425809
split_cifar10,sym20,gate_loss,0.70774,0.018612039114508698,0.8612,0.01688786546606765,0.9958553381430963,0.0011714913339974477,46.92,13.549612540585802,1.0,0.0,0.04344313045628313,0.024723260502681078,0.07975257958849835,0.04650890705940297
split_cifar10,sym20,oracle,0.75922,0.012233437783387,1.0,0.0,0.9978540750896047,0.0010705337994815194,24.72,12.28136800197763,1.0,0.0,0.04809662669870412,0.017092762793799208,,
split_cifar10,sym60,er,0.44695999999999997,0.029779909334986216,0.4044,0.03314815228636431,0.9955028647722713,0.00160986242189038,50.480000000000004,16.964433382815944,1.0,0.0,0.11475867352738182,0.02500819753800113,0.08247933425569529,0.02470196447755692
split_cifar10,sym60,gate_conf,0.46121999999999996,0.010239238252917072,0.3796,0.021419617176784457,0.985723634376496,0.003703985617413271,164.51999999999998,40.50767828449319,1.0,0.0,0.12221685086075285,0.07992371074404785,0.16467655450616112,0.1694335637111965
split_cifar10,sym60,gate_loss,0.44106000000000006,0.015470875864022649,0.37560000000000004,0.01291510743277037,0.9932375350314857,0.003022721853591361,78.4,35.604213233829505,1.0,0.0,0.0965652838405352,0.03992694263575304,0.08950121082393589,0.04113333612642022
split_cifar10,sym60,oracle,0.64256,0.0298746213365123,1.0,0.0,0.9944175158510917,0.0015397411404588178,64.4,18.459144075498195,1.0,0.0,0.08018971039546653,0.05161397488282057,,
