frozen_row_index,cell_id,phase,kind,benchmark,noise,method,scoring_mode,seed,completion_status,result_path_if_completed,blocker_if_any
0,P2__split_cifar10__sym20__er__none__s0,scoring,training,split_cifar10,sym20,er,none,0,completed_post_update,C:\work\reliability-gated-replay\results\revision_round1\tranche1\raw_logs\split_cifar10__sym20__er__seed0.json,
1,P2__split_cifar10__sym20__er__none__s1,scoring,training,split_cifar10,sym20,er,none,1,completed_post_update,C:\work\reliability-gated-replay\results\revision_round1\tranche1\raw_logs\split_cifar10__sym20__er__seed1.json,
2,P2__split_cifar10__sym20__er__none__s2,scoring,training,split_cifar10,sym20,er,none,2,completed_post_update,C:\work\reliability-gated-replay\results\revision_round1\tranche1\raw_logs\split_cifar10__sym20__er__seed2.json,
3,P2__split_cifar10__sym20__er__none__s3,scoring,training,split_cifar10,sym20,er,none,3,completed_post_update,C:\work\reliability-gated-replay\results\revision_round1\tranche1\raw_logs\split_cifar10__sym20__er__seed3.json,
4,P2__split_cifar10__sym20__er__none__s4,scoring,training,split_cifar10,sym20,er,none,4,completed_post_update,C:\work\reliability-gated-replay\results\revision_round1\tranche1\raw_logs\split_cifar10__sym20__er__seed4.json,
5,P2__split_cifar10__sym20__small_loss__post_update__s0,scoring,training,split_cifar10,sym20,small_loss,post_update,0,completed_post_update,C:\work\reliability-gated-replay\results\revision_round1\tranche1\raw_logs\split_cifar10__sym20__gate_loss__seed0.json,
6,P2__split_cifar10__sym20__small_loss__post_update__s1,scoring,training,split_cifar10,sym20,small_loss,post_update,1,completed_post_update,C:\work\reliability-gated-replay\results\revision_round1\tranche1\raw_logs\split_cifar10__sym20__gate_loss__seed1.json,
7,P2__split_cifar10__sym20__small_loss__post_update__s2,scoring,training,split_cifar10,sym20,small_loss,post_update,2,completed_post_update,C:\work\reliability-gated-replay\results\revision_round1\tranche1\raw_logs\split_cifar10__sym20__gate_loss__seed2.json,
8,P2__split_cifar10__sym20__small_loss__post_update__s3,scoring,training,split_cifar10,sym20,small_loss,post_update,3,completed_post_update,C:\work\reliability-gated-replay\results\revision_round1\tranche1\raw_logs\split_cifar10__sym20__gate_loss__seed3.json,
9,P2__split_cifar10__sym20__small_loss__post_update__s4,scoring,training,split_cifar10,sym20,small_loss,post_update,4,completed_post_update,C:\work\reliability-gated-replay\results\revision_round1\tranche1\raw_logs\split_cifar10__sym20__gate_loss__seed4.json,
10,P2__split_cifar10__sym20__small_loss__pre_update__s0,scoring,training,split_cifar10,sym20,small_loss,pre_update,0,completed_pre_update,C:\work\reliability-gated-replay\results\revision_round1\pre_update_validation\raw_logs\split_cifar10__sym20__gate_loss__pre_update__seed0.json,
11,P2__split_cifar10__sym20__small_loss__pre_update__s1,scoring,training,split_cifar10,sym20,small_loss,pre_update,1,completed_pre_update,C:\work\reliability-gated-replay\results\revision_round1\tranche5_pre_update\raw_logs\split_cifar10__sym20__gate_loss__pre_update__seed1.json,
12,P2__split_cifar10__sym20__small_loss__pre_update__s2,scoring,training,split_cifar10,sym20,small_loss,pre_update,2,completed_pre_update,C:\work\reliability-gated-replay\results\revision_round1\tranche5_pre_update\raw_logs\split_cifar10__sym20__gate_loss__pre_update__seed2.json,
13,P2__split_cifar10__sym20__small_loss__pre_update__s3,scoring,training,split_cifar10,sym20,small_loss,pre_update,3,completed_pre_update,C:\work\reliability-gated-replay\results\revision_round1\tranche5_pre_update\raw_logs\split_cifar10__sym20__gate_loss__pre_update__seed3.json,
14,P2__split_cifar10__sym20__small_loss__pre_update__s4,scoring,training,split_cifar10,sym20,small_loss,pre_update,4,completed_pre_update,C:\work\reliability-gated-replay\results\revision_round1\tranche5_pre_update\raw_logs\split_cifar10__sym20__gate_loss__pre_update__seed4.json,
15,P2__split_cifar10__sym20__confidence__post_update__s0,scoring,training,split_cifar10,sym20,confidence,post_update,0,completed_post_update,C:\work\reliability-gated-replay\results\revision_round1\tranche1\raw_logs\split_cifar10__sym20__gate_conf__seed0.json,
16,P2__split_cifar10__sym20__confidence__post_update__s1,scoring,training,split_cifar10,sym20,confidence,post_update,1,completed_post_update,C:\work\reliability-gated-replay\results\revision_round1\tranche1\raw_logs\split_cifar10__sym20__gate_conf__seed1.json,
17,P2__split_cifar10__sym20__confidence__post_update__s2,scoring,training,split_cifar10,sym20,confidence,post_update,2,completed_post_update,C:\work\reliability-gated-replay\results\revision_round1\tranche1\raw_logs\split_cifar10__sym20__gate_conf__seed2.json,
18,P2__split_cifar10__sym20__confidence__post_update__s3,scoring,training,split_cifar10,sym20,confidence,post_update,3,completed_post_update,C:\work\reliability-gated-replay\results\revision_round1\tranche1\raw_logs\split_cifar10__sym20__gate_conf__seed3.json,
19,P2__split_cifar10__sym20__confidence__post_update__s4,scoring,training,split_cifar10,sym20,confidence,post_update,4,completed_post_update,C:\work\reliability-gated-replay\results\revision_round1\tranche1\raw_logs\split_cifar10__sym20__gate_conf__seed4.json,
20,P2__split_cifar10__sym20__confidence__pre_update__s0,scoring,training,split_cifar10,sym20,confidence,pre_update,0,completed_pre_update,C:\work\reliability-gated-replay\results\revision_round1\tranche5_pre_update\raw_logs\split_cifar10__sym20__gate_conf__pre_update__seed0.json,
21,P2__split_cifar10__sym20__confidence__pre_update__s1,scoring,training,split_cifar10,sym20,confidence,pre_update,1,completed_pre_update,C:\work\reliability-gated-replay\results\revision_round1\tranche5_pre_update\raw_logs\split_cifar10__sym20__gate_conf__pre_update__seed1.json,
22,P2__split_cifar10__sym20__confidence__pre_update__s2,scoring,training,split_cifar10,sym20,confidence,pre_update,2,completed_pre_update,C:\work\reliability-gated-replay\results\revision_round1\tranche5_pre_update\raw_logs\split_cifar10__sym20__gate_conf__pre_update__seed2.json,
23,P2__split_cifar10__sym20__confidence__pre_update__s3,scoring,training,split_cifar10,sym20,confidence,pre_update,3,completed_pre_update,C:\work\reliability-gated-replay\results\revision_round1\tranche5_pre_update\raw_logs\split_cifar10__sym20__gate_conf__pre_update__seed3.json,
24,P2__split_cifar10__sym20__confidence__pre_update__s4,scoring,training,split_cifar10,sym20,confidence,pre_update,4,completed_pre_update,C:\work\reliability-gated-replay\results\revision_round1\tranche5_pre_update\raw_logs\split_cifar10__sym20__gate_conf__pre_update__seed4.json,
25,P2__split_cifar10__sym20__oracle_clean_admission__post_update__s0,scoring,training,split_cifar10,sym20,oracle_clean_admission,post_update,0,completed_post_update,C:\work\reliability-gated-replay\results\revision_round1\tranche1\raw_logs\split_cifar10__sym20__oracle__seed0.json,
26,P2__split_cifar10__sym20__oracle_clean_admission__post_update__s1,scoring,training,split_cifar10,sym20,oracle_clean_admission,post_update,1,completed_post_update,C:\work\reliability-gated-replay\results\revision_round1\tranche1\raw_logs\split_cifar10__sym20__oracle__seed1.json,
27,P2__split_cifar10__sym20__oracle_clean_admission__post_update__s2,scoring,training,split_cifar10,sym20,oracle_clean_admission,post_update,2,completed_post_update,C:\work\reliability-gated-replay\results\revision_round1\tranche1\raw_logs\split_cifar10__sym20__oracle__seed2.json,
28,P2__split_cifar10__sym20__oracle_clean_admission__post_update__s3,scoring,training,split_cifar10,sym20,oracle_clean_admission,post_update,3,completed_post_update,C:\work\reliability-gated-replay\results\revision_round1\tranche1\raw_logs\split_cifar10__sym20__oracle__seed3.json,
29,P2__split_cifar10__sym20__oracle_clean_admission__post_update__s4,scoring,training,split_cifar10,sym20,oracle_clean_admission,post_update,4,completed_post_update,C:\work\reliability-gated-replay\results\revision_round1\tranche1\raw_logs\split_cifar10__sym20__oracle__seed4.json,
30,P2__split_cifar10__sym60__er__none__s0,scoring,training,split_cifar10,sym60,er,none,0,completed_post_update,C:\work\reliability-gated-replay\results\revision_round1\tranche2\raw_logs\split_cifar10__sym60__er__seed0.json,
31,P2__split_cifar10__sym60__er__none__s1,scoring,training,split_cifar10,sym60,er,none,1,completed_post_update,C:\work\reliability-gated-replay\results\revision_round1\tranche2\raw_logs\split_cifar10__sym60__er__seed1.json,
32,P2__split_cifar10__sym60__er__none__s2,scoring,training,split_cifar10,sym60,er,none,2,completed_post_update,C:\work\reliability-gated-replay\results\revision_round1\tranche2\raw_logs\split_cifar10__sym60__er__seed2.json,
33,P2__split_cifar10__sym60__er__none__s3,scoring,training,split_cifar10,sym60,er,none,3,completed_post_update,C:\work\reliability-gated-replay\results\revision_round1\tranche2\raw_logs\split_cifar10__sym60__er__seed3.json,
34,P2__split_cifar10__sym60__er__none__s4,scoring,training,split_cifar10,sym60,er,none,4,completed_post_update,C:\work\reliability-gated-replay\results\revision_round1\tranche2\raw_logs\split_cifar10__sym60__er__seed4.json,
35,P2__split_cifar10__sym60__small_loss__post_update__s0,scoring,training,split_cifar10,sym60,small_loss,post_update,0,completed_post_update,C:\work\reliability-gated-replay\results\revision_round1\tranche2\raw_logs\split_cifar10__sym60__gate_loss__seed0.json,
36,P2__split_cifar10__sym60__small_loss__post_update__s1,scoring,training,split_cifar10,sym60,small_loss,post_update,1,completed_post_update,C:\work\reliability-gated-replay\results\revision_round1\tranche2\raw_logs\split_cifar10__sym60__gate_loss__seed1.json,
37,P2__split_cifar10__sym60__small_loss__post_update__s2,scoring,training,split_cifar10,sym60,small_loss,post_update,2,completed_post_update,C:\work\reliability-gated-replay\results\revision_round1\tranche2\raw_logs\split_cifar10__sym60__gate_loss__seed2.json,
38,P2__split_cifar10__sym60__small_loss__post_update__s3,scoring,training,split_cifar10,sym60,small_loss,post_update,3,completed_post_update,C:\work\reliability-gated-replay\results\revision_round1\tranche2\raw_logs\split_cifar10__sym60__gate_loss__seed3.json,
39,P2__split_cifar10__sym60__small_loss__post_update__s4,scoring,training,split_cifar10,sym60,small_loss,post_update,4,completed_post_update,C:\work\reliability-gated-replay\results\revision_round1\tranche2\raw_logs\split_cifar10__sym60__gate_loss__seed4.json,
40,P2__split_cifar10__sym60__small_loss__pre_update__s0,scoring,training,split_cifar10,sym60,small_loss,pre_update,0,completed_pre_update,C:\work\reliability-gated-replay\results\revision_round1\tranche5_pre_update\raw_logs\split_cifar10__sym60__gate_loss__pre_update__seed0.json,
41,P2__split_cifar10__sym60__small_loss__pre_update__s1,scoring,training,split_cifar10,sym60,small_loss,pre_update,1,completed_pre_update,C:\work\reliability-gated-replay\results\revision_round1\tranche5_pre_update\raw_logs\split_cifar10__sym60__gate_loss__pre_update__seed1.json,
42,P2__split_cifar10__sym60__small_loss__pre_update__s2,scoring,training,split_cifar10,sym60,small_loss,pre_update,2,completed_pre_update,C:\work\reliability-gated-replay\results\revision_round1\tranche5_pre_update\raw_logs\split_cifar10__sym60__gate_loss__pre_update__seed2.json,
43,P2__split_cifar10__sym60__small_loss__pre_update__s3,scoring,training,split_cifar10,sym60,small_loss,pre_update,3,completed_pre_update,C:\work\reliability-gated-replay\results\revision_round1\tranche5_pre_update\raw_logs\split_cifar10__sym60__gate_loss__pre_update__seed3.json,
44,P2__split_cifar10__sym60__small_loss__pre_update__s4,scoring,training,split_cifar10,sym60,small_loss,pre_update,4,completed_pre_update,C:\work\reliability-gated-replay\results\revision_round1\tranche5_pre_update\raw_logs\split_cifar10__sym60__gate_loss__pre_update__seed4.json,
45,P2__split_cifar10__sym60__confidence__post_update__s0,scoring,training,split_cifar10,sym60,confidence,post_update,0,completed_post_update,C:\work\reliability-gated-replay\results\revision_round1\tranche2\raw_logs\split_cifar10__sym60__gate_conf__seed0.json,
46,P2__split_cifar10__sym60__confidence__post_update__s1,scoring,training,split_cifar10,sym60,confidence,post_update,1,completed_post_update,C:\work\reliability-gated-replay\results\revision_round1\tranche2\raw_logs\split_cifar10__sym60__gate_conf__seed1.json,
47,P2__split_cifar10__sym60__confidence__post_update__s2,scoring,training,split_cifar10,sym60,confidence,post_update,2,completed_post_update,C:\work\reliability-gated-replay\results\revision_round1\tranche2\raw_logs\split_cifar10__sym60__gate_conf__seed2.json,
48,P2__split_cifar10__sym60__confidence__post_update__s3,scoring,training,split_cifar10,sym60,confidence,post_update,3,completed_post_update,C:\work\reliability-gated-replay\results\revision_round1\tranche2\raw_logs\split_cifar10__sym60__gate_conf__seed3.json,
49,P2__split_cifar10__sym60__confidence__post_update__s4,scoring,training,split_cifar10,sym60,confidence,post_update,4,completed_post_update,C:\work\reliability-gated-replay\results\revision_round1\tranche2\raw_logs\split_cifar10__sym60__gate_conf__seed4.json,
50,P2__split_cifar10__sym60__confidence__pre_update__s0,scoring,training,split_cifar10,sym60,confidence,pre_update,0,completed_pre_update,C:\work\reliability-gated-replay\results\revision_round1\tranche5_pre_update\raw_logs\split_cifar10__sym60__gate_conf__pre_update__seed0.json,
51,P2__split_cifar10__sym60__confidence__pre_update__s1,scoring,training,split_cifar10,sym60,confidence,pre_update,1,completed_pre_update,C:\work\reliability-gated-replay\results\revision_round1\tranche5_pre_update\raw_logs\split_cifar10__sym60__gate_conf__pre_update__seed1.json,
52,P2__split_cifar10__sym60__confidence__pre_update__s2,scoring,training,split_cifar10,sym60,confidence,pre_update,2,completed_pre_update,C:\work\reliability-gated-replay\results\revision_round1\tranche5_pre_update\raw_logs\split_cifar10__sym60__gate_conf__pre_update__seed2.json,
53,P2__split_cifar10__sym60__confidence__pre_update__s3,scoring,training,split_cifar10,sym60,confidence,pre_update,3,completed_pre_update,C:\work\reliability-gated-replay\results\revision_round1\tranche5_pre_update\raw_logs\split_cifar10__sym60__gate_conf__pre_update__seed3.json,
54,P2__split_cifar10__sym60__confidence__pre_update__s4,scoring,training,split_cifar10,sym60,confidence,pre_update,4,completed_pre_update,C:\work\reliability-gated-replay\results\revision_round1\tranche5_pre_update\raw_logs\split_cifar10__sym60__gate_conf__pre_update__seed4.json,
55,P2__split_cifar10__sym60__oracle_clean_admission__post_update__s0,scoring,training,split_cifar10,sym60,oracle_clean_admission,post_update,0,completed_post_update,C:\work\reliability-gated-replay\results\revision_round1\tranche2\raw_logs\split_cifar10__sym60__oracle__seed0.json,
56,P2__split_cifar10__sym60__oracle_clean_admission__post_update__s1,scoring,training,split_cifar10,sym60,oracle_clean_admission,post_update,1,completed_post_update,C:\work\reliability-gated-replay\results\revision_round1\tranche2\raw_logs\split_cifar10__sym60__oracle__seed1.json,
57,P2__split_cifar10__sym60__oracle_clean_admission__post_update__s2,scoring,training,split_cifar10,sym60,oracle_clean_admission,post_update,2,completed_post_update,C:\work\reliability-gated-replay\results\revision_round1\tranche2\raw_logs\split_cifar10__sym60__oracle__seed2.json,
58,P2__split_cifar10__sym60__oracle_clean_admission__post_update__s3,scoring,training,split_cifar10,sym60,oracle_clean_admission,post_update,3,completed_post_update,C:\work\reliability-gated-replay\results\revision_round1\tranche2\raw_logs\split_cifar10__sym60__oracle__seed3.json,
59,P2__split_cifar10__sym60__oracle_clean_admission__post_update__s4,scoring,training,split_cifar10,sym60,oracle_clean_admission,post_update,4,completed_post_update,C:\work\reliability-gated-replay\results\revision_round1\tranche2\raw_logs\split_cifar10__sym60__oracle__seed4.json,
60,P2__seq_cifar10__sym20__er__none__s0,scoring,training,seq_cifar10,sym20,er,none,0,completed_post_update,C:\work\reliability-gated-replay\results\revision_round1\tranche3\raw_logs\seq_cifar10__sym20__er__seed0.json,
61,P2__seq_cifar10__sym20__er__none__s1,scoring,training,seq_cifar10,sym20,er,none,1,completed_post_update,C:\work\reliability-gated-replay\results\revision_round1\tranche3\raw_logs\seq_cifar10__sym20__er__seed1.json,
62,P2__seq_cifar10__sym20__er__none__s2,scoring,training,seq_cifar10,sym20,er,none,2,completed_post_update,C:\work\reliability-gated-replay\results\revision_round1\tranche3\raw_logs\seq_cifar10__sym20__er__seed2.json,
63,P2__seq_cifar10__sym20__er__none__s3,scoring,training,seq_cifar10,sym20,er,none,3,completed_post_update,C:\work\reliability-gated-replay\results\revision_round1\tranche3\raw_logs\seq_cifar10__sym20__er__seed3.json,
64,P2__seq_cifar10__sym20__er__none__s4,scoring,training,seq_cifar10,sym20,er,none,4,completed_post_update,C:\work\reliability-gated-replay\results\revision_round1\tranche3\raw_logs\seq_cifar10__sym20__er__seed4.json,
65,P2__seq_cifar10__sym20__small_loss__post_update__s0,scoring,training,seq_cifar10,sym20,small_loss,post_update,0,completed_post_update,C:\work\reliability-gated-replay\results\revision_round1\tranche3\raw_logs\seq_cifar10__sym20__gate_loss__seed0.json,
66,P2__seq_cifar10__sym20__small_loss__post_update__s1,scoring,training,seq_cifar10,sym20,small_loss,post_update,1,completed_post_update,C:\work\reliability-gated-replay\results\revision_round1\tranche3\raw_logs\seq_cifar10__sym20__gate_loss__seed1.json,
67,P2__seq_cifar10__sym20__small_loss__post_update__s2,scoring,training,seq_cifar10,sym20,small_loss,post_update,2,completed_post_update,C:\work\reliability-gated-replay\results\revision_round1\tranche3\raw_logs\seq_cifar10__sym20__gate_loss__seed2.json,
68,P2__seq_cifar10__sym20__small_loss__post_update__s3,scoring,training,seq_cifar10,sym20,small_loss,post_update,3,completed_post_update,C:\work\reliability-gated-replay\results\revision_round1\tranche3\raw_logs\seq_cifar10__sym20__gate_loss__seed3.json,
69,P2__seq_cifar10__sym20__small_loss__post_update__s4,scoring,training,seq_cifar10,sym20,small_loss,post_update,4,completed_post_update,C:\work\reliability-gated-replay\results\revision_round1\tranche3\raw_logs\seq_cifar10__sym20__gate_loss__seed4.json,
70,P2__seq_cifar10__sym20__small_loss__pre_update__s0,scoring,training,seq_cifar10,sym20,small_loss,pre_update,0,completed_pre_update,C:\work\reliability-gated-replay\results\revision_round1\tranche5_pre_update\raw_logs\seq_cifar10__sym20__gate_loss__pre_update__seed0.json,
71,P2__seq_cifar10__sym20__small_loss__pre_update__s1,scoring,training,seq_cifar10,sym20,small_loss,pre_update,1,completed_pre_update,C:\work\reliability-gated-replay\results\revision_round1\tranche5_pre_update\raw_logs\seq_cifar10__sym20__gate_loss__pre_update__seed1.json,
72,P2__seq_cifar10__sym20__small_loss__pre_update__s2,scoring,training,seq_cifar10,sym20,small_loss,pre_update,2,completed_pre_update,C:\work\reliability-gated-replay\results\revision_round1\tranche5_pre_update\raw_logs\seq_cifar10__sym20__gate_loss__pre_update__seed2.json,
73,P2__seq_cifar10__sym20__small_loss__pre_update__s3,scoring,training,seq_cifar10,sym20,small_loss,pre_update,3,completed_pre_update,C:\work\reliability-gated-replay\results\revision_round1\tranche5_pre_update\raw_logs\seq_cifar10__sym20__gate_loss__pre_update__seed3.json,
74,P2__seq_cifar10__sym20__small_loss__pre_update__s4,scoring,training,seq_cifar10,sym20,small_loss,pre_update,4,completed_pre_update,C:\work\reliability-gated-replay\results\revision_round1\tranche5_pre_update\raw_logs\seq_cifar10__sym20__gate_loss__pre_update__seed4.json,
75,P2__seq_cifar10__sym20__confidence__post_update__s0,scoring,training,seq_cifar10,sym20,confidence,post_update,0,completed_post_update,C:\work\reliability-gated-replay\results\revision_round1\tranche3\raw_logs\seq_cifar10__sym20__gate_conf__seed0.json,
76,P2__seq_cifar10__sym20__confidence__post_update__s1,scoring,training,seq_cifar10,sym20,confidence,post_update,1,completed_post_update,C:\work\reliability-gated-replay\results\revision_round1\tranche3\raw_logs\seq_cifar10__sym20__gate_conf__seed1.json,
77,P2__seq_cifar10__sym20__confidence__post_update__s2,scoring,training,seq_cifar10,sym20,confidence,post_update,2,completed_post_update,C:\work\reliability-gated-replay\results\revision_round1\tranche3\raw_logs\seq_cifar10__sym20__gate_conf__seed2.json,
78,P2__seq_cifar10__sym20__confidence__post_update__s3,scoring,training,seq_cifar10,sym20,confidence,post_update,3,completed_post_update,C:\work\reliability-gated-replay\results\revision_round1\tranche3\raw_logs\seq_cifar10__sym20__gate_conf__seed3.json,
79,P2__seq_cifar10__sym20__confidence__post_update__s4,scoring,training,seq_cifar10,sym20,confidence,post_update,4,completed_post_update,C:\work\reliability-gated-replay\results\revision_round1\tranche3\raw_logs\seq_cifar10__sym20__gate_conf__seed4.json,
80,P2__seq_cifar10__sym20__confidence__pre_update__s0,scoring,training,seq_cifar10,sym20,confidence,pre_update,0,completed_pre_update,C:\work\reliability-gated-replay\results\revision_round1\tranche5_pre_update\raw_logs\seq_cifar10__sym20__gate_conf__pre_update__seed0.json,
81,P2__seq_cifar10__sym20__confidence__pre_update__s1,scoring,training,seq_cifar10,sym20,confidence,pre_update,1,completed_pre_update,C:\work\reliability-gated-replay\results\revision_round1\tranche5_pre_update\raw_logs\seq_cifar10__sym20__gate_conf__pre_update__seed1.json,
82,P2__seq_cifar10__sym20__confidence__pre_update__s2,scoring,training,seq_cifar10,sym20,confidence,pre_update,2,completed_pre_update,C:\work\reliability-gated-replay\results\revision_round1\tranche5_pre_update\raw_logs\seq_cifar10__sym20__gate_conf__pre_update__seed2.json,
83,P2__seq_cifar10__sym20__confidence__pre_update__s3,scoring,training,seq_cifar10,sym20,confidence,pre_update,3,completed_pre_update,C:\work\reliability-gated-replay\results\revision_round1\tranche5_pre_update\raw_logs\seq_cifar10__sym20__gate_conf__pre_update__seed3.json,
84,P2__seq_cifar10__sym20__confidence__pre_update__s4,scoring,training,seq_cifar10,sym20,confidence,pre_update,4,completed_pre_update,C:\work\reliability-gated-replay\results\revision_round1\tranche5_pre_update\raw_logs\seq_cifar10__sym20__gate_conf__pre_update__seed4.json,
85,P2__seq_cifar10__sym20__oracle_clean_admission__post_update__s0,scoring,training,seq_cifar10,sym20,oracle_clean_admission,post_update,0,completed_post_update,C:\work\reliability-gated-replay\results\revision_round1\tranche3\raw_logs\seq_cifar10__sym20__oracle__seed0.json,
86,P2__seq_cifar10__sym20__oracle_clean_admission__post_update__s1,scoring,training,seq_cifar10,sym20,oracle_clean_admission,post_update,1,completed_post_update,C:\work\reliability-gated-replay\results\revision_round1\tranche3\raw_logs\seq_cifar10__sym20__oracle__seed1.json,
87,P2__seq_cifar10__sym20__oracle_clean_admission__post_update__s2,scoring,training,seq_cifar10,sym20,oracle_clean_admission,post_update,2,completed_post_update,C:\work\reliability-gated-replay\results\revision_round1\tranche3\raw_logs\seq_cifar10__sym20__oracle__seed2.json,
88,P2__seq_cifar10__sym20__oracle_clean_admission__post_update__s3,scoring,training,seq_cifar10,sym20,oracle_clean_admission,post_update,3,completed_post_update,C:\work\reliability-gated-replay\results\revision_round1\tranche3\raw_logs\seq_cifar10__sym20__oracle__seed3.json,
89,P2__seq_cifar10__sym20__oracle_clean_admission__post_update__s4,scoring,training,seq_cifar10,sym20,oracle_clean_admission,post_update,4,completed_post_update,C:\work\reliability-gated-replay\results\revision_round1\tranche3\raw_logs\seq_cifar10__sym20__oracle__seed4.json,
90,P2__seq_cifar10__sym60__er__none__s0,scoring,training,seq_cifar10,sym60,er,none,0,completed_post_update,C:\work\reliability-gated-replay\results\revision_round1\tranche4\raw_logs\seq_cifar10__sym60__er__seed0.json,
91,P2__seq_cifar10__sym60__er__none__s1,scoring,training,seq_cifar10,sym60,er,none,1,completed_post_update,C:\work\reliability-gated-replay\results\revision_round1\tranche4\raw_logs\seq_cifar10__sym60__er__seed1.json,
92,P2__seq_cifar10__sym60__er__none__s2,scoring,training,seq_cifar10,sym60,er,none,2,completed_post_update,C:\work\reliability-gated-replay\results\revision_round1\tranche4\raw_logs\seq_cifar10__sym60__er__seed2.json,
93,P2__seq_cifar10__sym60__er__none__s3,scoring,training,seq_cifar10,sym60,er,none,3,completed_post_update,C:\work\reliability-gated-replay\results\revision_round1\tranche4\raw_logs\seq_cifar10__sym60__er__seed3.json,
94,P2__seq_cifar10__sym60__er__none__s4,scoring,training,seq_cifar10,sym60,er,none,4,completed_post_update,C:\work\reliability-gated-replay\results\revision_round1\tranche4\raw_logs\seq_cifar10__sym60__er__seed4.json,
95,P2__seq_cifar10__sym60__small_loss__post_update__s0,scoring,training,seq_cifar10,sym60,small_loss,post_update,0,completed_post_update,C:\work\reliability-gated-replay\results\revision_round1\tranche4\raw_logs\seq_cifar10__sym60__gate_loss__seed0.json,
96,P2__seq_cifar10__sym60__small_loss__post_update__s1,scoring,training,seq_cifar10,sym60,small_loss,post_update,1,completed_post_update,C:\work\reliability-gated-replay\results\revision_round1\tranche4\raw_logs\seq_cifar10__sym60__gate_loss__seed1.json,
97,P2__seq_cifar10__sym60__small_loss__post_update__s2,scoring,training,seq_cifar10,sym60,small_loss,post_update,2,completed_post_update,C:\work\reliability-gated-replay\results\revision_round1\tranche4\raw_logs\seq_cifar10__sym60__gate_loss__seed2.json,
98,P2__seq_cifar10__sym60__small_loss__post_update__s3,scoring,training,seq_cifar10,sym60,small_loss,post_update,3,completed_post_update,C:\work\reliability-gated-replay\results\revision_round1\tranche4\raw_logs\seq_cifar10__sym60__gate_loss__seed3.json,
99,P2__seq_cifar10__sym60__small_loss__post_update__s4,scoring,training,seq_cifar10,sym60,small_loss,post_update,4,completed_post_update,C:\work\reliability-gated-replay\results\revision_round1\tranche4\raw_logs\seq_cifar10__sym60__gate_loss__seed4.json,
100,P2__seq_cifar10__sym60__small_loss__pre_update__s0,scoring,training,seq_cifar10,sym60,small_loss,pre_update,0,completed_pre_update,C:\work\reliability-gated-replay\results\revision_round1\tranche5_pre_update\raw_logs\seq_cifar10__sym60__gate_loss__pre_update__seed0.json,
101,P2__seq_cifar10__sym60__small_loss__pre_update__s1,scoring,training,seq_cifar10,sym60,small_loss,pre_update,1,completed_pre_update,C:\work\reliability-gated-replay\results\revision_round1\tranche5_pre_update\raw_logs\seq_cifar10__sym60__gate_loss__pre_update__seed1.json,
102,P2__seq_cifar10__sym60__small_loss__pre_update__s2,scoring,training,seq_cifar10,sym60,small_loss,pre_update,2,completed_pre_update,C:\work\reliability-gated-replay\results\revision_round1\tranche5_pre_update\raw_logs\seq_cifar10__sym60__gate_loss__pre_update__seed2.json,
103,P2__seq_cifar10__sym60__small_loss__pre_update__s3,scoring,training,seq_cifar10,sym60,small_loss,pre_update,3,completed_pre_update,C:\work\reliability-gated-replay\results\revision_round1\tranche5_pre_update\raw_logs\seq_cifar10__sym60__gate_loss__pre_update__seed3.json,
104,P2__seq_cifar10__sym60__small_loss__pre_update__s4,scoring,training,seq_cifar10,sym60,small_loss,pre_update,4,completed_pre_update,C:\work\reliability-gated-replay\results\revision_round1\tranche5_pre_update\raw_logs\seq_cifar10__sym60__gate_loss__pre_update__seed4.json,
105,P2__seq_cifar10__sym60__confidence__post_update__s0,scoring,training,seq_cifar10,sym60,confidence,post_update,0,completed_post_update,C:\work\reliability-gated-replay\results\revision_round1\tranche4\raw_logs\seq_cifar10__sym60__gate_conf__seed0.json,
106,P2__seq_cifar10__sym60__confidence__post_update__s1,scoring,training,seq_cifar10,sym60,confidence,post_update,1,completed_post_update,C:\work\reliability-gated-replay\results\revision_round1\tranche4\raw_logs\seq_cifar10__sym60__gate_conf__seed1.json,
107,P2__seq_cifar10__sym60__confidence__post_update__s2,scoring,training,seq_cifar10,sym60,confidence,post_update,2,completed_post_update,C:\work\reliability-gated-replay\results\revision_round1\tranche4\raw_logs\seq_cifar10__sym60__gate_conf__seed2.json,
108,P2__seq_cifar10__sym60__confidence__post_update__s3,scoring,training,seq_cifar10,sym60,confidence,post_update,3,completed_post_update,C:\work\reliability-gated-replay\results\revision_round1\tranche4\raw_logs\seq_cifar10__sym60__gate_conf__seed3.json,
109,P2__seq_cifar10__sym60__confidence__post_update__s4,scoring,training,seq_cifar10,sym60,confidence,post_update,4,completed_post_update,C:\work\reliability-gated-replay\results\revision_round1\tranche4\raw_logs\seq_cifar10__sym60__gate_conf__seed4.json,
110,P2__seq_cifar10__sym60__confidence__pre_update__s0,scoring,training,seq_cifar10,sym60,confidence,pre_update,0,completed_pre_update,C:\work\reliability-gated-replay\results\revision_round1\tranche5_pre_update\raw_logs\seq_cifar10__sym60__gate_conf__pre_update__seed0.json,
111,P2__seq_cifar10__sym60__confidence__pre_update__s1,scoring,training,seq_cifar10,sym60,confidence,pre_update,1,completed_pre_update,C:\work\reliability-gated-replay\results\revision_round1\tranche5_pre_update\raw_logs\seq_cifar10__sym60__gate_conf__pre_update__seed1.json,
112,P2__seq_cifar10__sym60__confidence__pre_update__s2,scoring,training,seq_cifar10,sym60,confidence,pre_update,2,completed_pre_update,C:\work\reliability-gated-replay\results\revision_round1\tranche5_pre_update\raw_logs\seq_cifar10__sym60__gate_conf__pre_update__seed2.json,
113,P2__seq_cifar10__sym60__confidence__pre_update__s3,scoring,training,seq_cifar10,sym60,confidence,pre_update,3,completed_pre_update,C:\work\reliability-gated-replay\results\revision_round1\tranche5_pre_update\raw_logs\seq_cifar10__sym60__gate_conf__pre_update__seed3.json,
114,P2__seq_cifar10__sym60__confidence__pre_update__s4,scoring,training,seq_cifar10,sym60,confidence,pre_update,4,completed_pre_update,C:\work\reliability-gated-replay\results\revision_round1\tranche5_pre_update\raw_logs\seq_cifar10__sym60__gate_conf__pre_update__seed4.json,
115,P2__seq_cifar10__sym60__oracle_clean_admission__post_update__s0,scoring,training,seq_cifar10,sym60,oracle_clean_admission,post_update,0,completed_post_update,C:\work\reliability-gated-replay\results\revision_round1\tranche4\raw_logs\seq_cifar10__sym60__oracle__seed0.json,
116,P2__seq_cifar10__sym60__oracle_clean_admission__post_update__s1,scoring,training,seq_cifar10,sym60,oracle_clean_admission,post_update,1,completed_post_update,C:\work\reliability-gated-replay\results\revision_round1\tranche4\raw_logs\seq_cifar10__sym60__oracle__seed1.json,
117,P2__seq_cifar10__sym60__oracle_clean_admission__post_update__s2,scoring,training,seq_cifar10,sym60,oracle_clean_admission,post_update,2,completed_post_update,C:\work\reliability-gated-replay\results\revision_round1\tranche4\raw_logs\seq_cifar10__sym60__oracle__seed2.json,
118,P2__seq_cifar10__sym60__oracle_clean_admission__post_update__s3,scoring,training,seq_cifar10,sym60,oracle_clean_admission,post_update,3,completed_post_update,C:\work\reliability-gated-replay\results\revision_round1\tranche4\raw_logs\seq_cifar10__sym60__oracle__seed3.json,
119,P2__seq_cifar10__sym60__oracle_clean_admission__post_update__s4,scoring,training,seq_cifar10,sym60,oracle_clean_admission,post_update,4,completed_post_update,C:\work\reliability-gated-replay\results\revision_round1\tranche4\raw_logs\seq_cifar10__sym60__oracle__seed4.json,
120,P3H__split_cifar10__task1_sym40__s0,persistence,common_history,split_cifar10,task1_sym40,ordinary_current_batch,pre_update_shadow_small_loss_and_matched_random,0,blocked_undefined_semantics,,Unknown scoring mode: pre_update_shadow_small_loss_and_matched_random
121,P3A__split_cifar10__task1_sym40__no_replay__s0,persistence,continuation,split_cifar10,task1_sym40,no_replay,,0,blocked_undefined_semantics,,Unknown scoring mode: nan
122,P3__split_cifar10__task1_sym40__small_loss_pre__observed__lambda1__s0,persistence,continuation,split_cifar10,task1_sym40,frozen_buffer_replay,pre_update_at_task1_admission,0,blocked_undefined_semantics,,Unknown scoring mode: pre_update_at_task1_admission
123,P3__split_cifar10__task1_sym40__small_loss_pre__observed__lambda2__s0,persistence,continuation,split_cifar10,task1_sym40,frozen_buffer_replay,pre_update_at_task1_admission,0,blocked_undefined_semantics,,Unknown scoring mode: pre_update_at_task1_admission
124,P3__split_cifar10__task1_sym40__small_loss_pre__clean_reference_oracle__lambda1__s0,persistence,continuation,split_cifar10,task1_sym40,frozen_buffer_replay,pre_update_at_task1_admission,0,blocked_undefined_semantics,,Unknown scoring mode: pre_update_at_task1_admission
125,P3__split_cifar10__task1_sym40__small_loss_pre__clean_reference_oracle__lambda2__s0,persistence,continuation,split_cifar10,task1_sym40,frozen_buffer_replay,pre_update_at_task1_admission,0,blocked_undefined_semantics,,Unknown scoring mode: pre_update_at_task1_admission
126,P3__split_cifar10__task1_sym40__random_count_matched__observed__lambda1__s0,persistence,continuation,split_cifar10,task1_sym40,frozen_buffer_replay,pre_update_at_task1_admission,0,blocked_undefined_semantics,,Unknown scoring mode: pre_update_at_task1_admission
127,P3__split_cifar10__task1_sym40__random_count_matched__observed__lambda2__s0,persistence,continuation,split_cifar10,task1_sym40,frozen_buffer_replay,pre_update_at_task1_admission,0,blocked_undefined_semantics,,Unknown scoring mode: pre_update_at_task1_admission
128,P3__split_cifar10__task1_sym40__random_count_matched__clean_reference_oracle__lambda1__s0,persistence,continuation,split_cifar10,task1_sym40,frozen_buffer_replay,pre_update_at_task1_admission,0,blocked_undefined_semantics,,Unknown scoring mode: pre_update_at_task1_admission
129,P3__split_cifar10__task1_sym40__random_count_matched__clean_reference_oracle__lambda2__s0,persistence,continuation,split_cifar10,task1_sym40,frozen_buffer_replay,pre_update_at_task1_admission,0,blocked_undefined_semantics,,Unknown scoring mode: pre_update_at_task1_admission
130,P3H__split_cifar10__task1_sym40__s1,persistence,common_history,split_cifar10,task1_sym40,ordinary_current_batch,pre_update_shadow_small_loss_and_matched_random,1,blocked_undefined_semantics,,Unknown scoring mode: pre_update_shadow_small_loss_and_matched_random
131,P3A__split_cifar10__task1_sym40__no_replay__s1,persistence,continuation,split_cifar10,task1_sym40,no_replay,,1,blocked_undefined_semantics,,Unknown scoring mode: nan
132,P3__split_cifar10__task1_sym40__small_loss_pre__observed__lambda1__s1,persistence,continuation,split_cifar10,task1_sym40,frozen_buffer_replay,pre_update_at_task1_admission,1,blocked_undefined_semantics,,Unknown scoring mode: pre_update_at_task1_admission
133,P3__split_cifar10__task1_sym40__small_loss_pre__observed__lambda2__s1,persistence,continuation,split_cifar10,task1_sym40,frozen_buffer_replay,pre_update_at_task1_admission,1,blocked_undefined_semantics,,Unknown scoring mode: pre_update_at_task1_admission
134,P3__split_cifar10__task1_sym40__small_loss_pre__clean_reference_oracle__lambda1__s1,persistence,continuation,split_cifar10,task1_sym40,frozen_buffer_replay,pre_update_at_task1_admission,1,blocked_undefined_semantics,,Unknown scoring mode: pre_update_at_task1_admission
135,P3__split_cifar10__task1_sym40__small_loss_pre__clean_reference_oracle__lambda2__s1,persistence,continuation,split_cifar10,task1_sym40,frozen_buffer_replay,pre_update_at_task1_admission,1,blocked_undefined_semantics,,Unknown scoring mode: pre_update_at_task1_admission
136,P3__split_cifar10__task1_sym40__random_count_matched__observed__lambda1__s1,persistence,continuation,split_cifar10,task1_sym40,frozen_buffer_replay,pre_update_at_task1_admission,1,blocked_undefined_semantics,,Unknown scoring mode: pre_update_at_task1_admission
137,P3__split_cifar10__task1_sym40__random_count_matched__observed__lambda2__s1,persistence,continuation,split_cifar10,task1_sym40,frozen_buffer_replay,pre_update_at_task1_admission,1,blocked_undefined_semantics,,Unknown scoring mode: pre_update_at_task1_admission
138,P3__split_cifar10__task1_sym40__random_count_matched__clean_reference_oracle__lambda1__s1,persistence,continuation,split_cifar10,task1_sym40,frozen_buffer_replay,pre_update_at_task1_admission,1,blocked_undefined_semantics,,Unknown scoring mode: pre_update_at_task1_admission
139,P3__split_cifar10__task1_sym40__random_count_matched__clean_reference_oracle__lambda2__s1,persistence,continuation,split_cifar10,task1_sym40,frozen_buffer_replay,pre_update_at_task1_admission,1,blocked_undefined_semantics,,Unknown scoring mode: pre_update_at_task1_admission
140,P3H__split_cifar10__task1_sym40__s2,persistence,common_history,split_cifar10,task1_sym40,ordinary_current_batch,pre_update_shadow_small_loss_and_matched_random,2,blocked_undefined_semantics,,Unknown scoring mode: pre_update_shadow_small_loss_and_matched_random
141,P3A__split_cifar10__task1_sym40__no_replay__s2,persistence,continuation,split_cifar10,task1_sym40,no_replay,,2,blocked_undefined_semantics,,Unknown scoring mode: nan
142,P3__split_cifar10__task1_sym40__small_loss_pre__observed__lambda1__s2,persistence,continuation,split_cifar10,task1_sym40,frozen_buffer_replay,pre_update_at_task1_admission,2,blocked_undefined_semantics,,Unknown scoring mode: pre_update_at_task1_admission
143,P3__split_cifar10__task1_sym40__small_loss_pre__observed__lambda2__s2,persistence,continuation,split_cifar10,task1_sym40,frozen_buffer_replay,pre_update_at_task1_admission,2,blocked_undefined_semantics,,Unknown scoring mode: pre_update_at_task1_admission
144,P3__split_cifar10__task1_sym40__small_loss_pre__clean_reference_oracle__lambda1__s2,persistence,continuation,split_cifar10,task1_sym40,frozen_buffer_replay,pre_update_at_task1_admission,2,blocked_undefined_semantics,,Unknown scoring mode: pre_update_at_task1_admission
145,P3__split_cifar10__task1_sym40__small_loss_pre__clean_reference_oracle__lambda2__s2,persistence,continuation,split_cifar10,task1_sym40,frozen_buffer_replay,pre_update_at_task1_admission,2,blocked_undefined_semantics,,Unknown scoring mode: pre_update_at_task1_admission
146,P3__split_cifar10__task1_sym40__random_count_matched__observed__lambda1__s2,persistence,continuation,split_cifar10,task1_sym40,frozen_buffer_replay,pre_update_at_task1_admission,2,blocked_undefined_semantics,,Unknown scoring mode: pre_update_at_task1_admission
147,P3__split_cifar10__task1_sym40__random_count_matched__observed__lambda2__s2,persistence,continuation,split_cifar10,task1_sym40,frozen_buffer_replay,pre_update_at_task1_admission,2,blocked_undefined_semantics,,Unknown scoring mode: pre_update_at_task1_admission
148,P3__split_cifar10__task1_sym40__random_count_matched__clean_reference_oracle__lambda1__s2,persistence,continuation,split_cifar10,task1_sym40,frozen_buffer_replay,pre_update_at_task1_admission,2,blocked_undefined_semantics,,Unknown scoring mode: pre_update_at_task1_admission
149,P3__split_cifar10__task1_sym40__random_count_matched__clean_reference_oracle__lambda2__s2,persistence,continuation,split_cifar10,task1_sym40,frozen_buffer_replay,pre_update_at_task1_admission,2,blocked_undefined_semantics,,Unknown scoring mode: pre_update_at_task1_admission
150,P3H__split_cifar10__task1_sym40__s3,persistence,common_history,split_cifar10,task1_sym40,ordinary_current_batch,pre_update_shadow_small_loss_and_matched_random,3,blocked_undefined_semantics,,Unknown scoring mode: pre_update_shadow_small_loss_and_matched_random
151,P3A__split_cifar10__task1_sym40__no_replay__s3,persistence,continuation,split_cifar10,task1_sym40,no_replay,,3,blocked_undefined_semantics,,Unknown scoring mode: nan
152,P3__split_cifar10__task1_sym40__small_loss_pre__observed__lambda1__s3,persistence,continuation,split_cifar10,task1_sym40,frozen_buffer_replay,pre_update_at_task1_admission,3,blocked_undefined_semantics,,Unknown scoring mode: pre_update_at_task1_admission
153,P3__split_cifar10__task1_sym40__small_loss_pre__observed__lambda2__s3,persistence,continuation,split_cifar10,task1_sym40,frozen_buffer_replay,pre_update_at_task1_admission,3,blocked_undefined_semantics,,Unknown scoring mode: pre_update_at_task1_admission
154,P3__split_cifar10__task1_sym40__small_loss_pre__clean_reference_oracle__lambda1__s3,persistence,continuation,split_cifar10,task1_sym40,frozen_buffer_replay,pre_update_at_task1_admission,3,blocked_undefined_semantics,,Unknown scoring mode: pre_update_at_task1_admission
155,P3__split_cifar10__task1_sym40__small_loss_pre__clean_reference_oracle__lambda2__s3,persistence,continuation,split_cifar10,task1_sym40,frozen_buffer_replay,pre_update_at_task1_admission,3,blocked_undefined_semantics,,Unknown scoring mode: pre_update_at_task1_admission
156,P3__split_cifar10__task1_sym40__random_count_matched__observed__lambda1__s3,persistence,continuation,split_cifar10,task1_sym40,frozen_buffer_replay,pre_update_at_task1_admission,3,blocked_undefined_semantics,,Unknown scoring mode: pre_update_at_task1_admission
157,P3__split_cifar10__task1_sym40__random_count_matched__observed__lambda2__s3,persistence,continuation,split_cifar10,task1_sym40,frozen_buffer_replay,pre_update_at_task1_admission,3,blocked_undefined_semantics,,Unknown scoring mode: pre_update_at_task1_admission
158,P3__split_cifar10__task1_sym40__random_count_matched__clean_reference_oracle__lambda1__s3,persistence,continuation,split_cifar10,task1_sym40,frozen_buffer_replay,pre_update_at_task1_admission,3,blocked_undefined_semantics,,Unknown scoring mode: pre_update_at_task1_admission
159,P3__split_cifar10__task1_sym40__random_count_matched__clean_reference_oracle__lambda2__s3,persistence,continuation,split_cifar10,task1_sym40,frozen_buffer_replay,pre_update_at_task1_admission,3,blocked_undefined_semantics,,Unknown scoring mode: pre_update_at_task1_admission
160,P3H__split_cifar10__task1_sym40__s4,persistence,common_history,split_cifar10,task1_sym40,ordinary_current_batch,pre_update_shadow_small_loss_and_matched_random,4,blocked_undefined_semantics,,Unknown scoring mode: pre_update_shadow_small_loss_and_matched_random
161,P3A__split_cifar10__task1_sym40__no_replay__s4,persistence,continuation,split_cifar10,task1_sym40,no_replay,,4,blocked_undefined_semantics,,Unknown scoring mode: nan
162,P3__split_cifar10__task1_sym40__small_loss_pre__observed__lambda1__s4,persistence,continuation,split_cifar10,task1_sym40,frozen_buffer_replay,pre_update_at_task1_admission,4,blocked_undefined_semantics,,Unknown scoring mode: pre_update_at_task1_admission
163,P3__split_cifar10__task1_sym40__small_loss_pre__observed__lambda2__s4,persistence,continuation,split_cifar10,task1_sym40,frozen_buffer_replay,pre_update_at_task1_admission,4,blocked_undefined_semantics,,Unknown scoring mode: pre_update_at_task1_admission
164,P3__split_cifar10__task1_sym40__small_loss_pre__clean_reference_oracle__lambda1__s4,persistence,continuation,split_cifar10,task1_sym40,frozen_buffer_replay,pre_update_at_task1_admission,4,blocked_undefined_semantics,,Unknown scoring mode: pre_update_at_task1_admission
165,P3__split_cifar10__task1_sym40__small_loss_pre__clean_reference_oracle__lambda2__s4,persistence,continuation,split_cifar10,task1_sym40,frozen_buffer_replay,pre_update_at_task1_admission,4,blocked_undefined_semantics,,Unknown scoring mode: pre_update_at_task1_admission
166,P3__split_cifar10__task1_sym40__random_count_matched__observed__lambda1__s4,persistence,continuation,split_cifar10,task1_sym40,frozen_buffer_replay,pre_update_at_task1_admission,4,blocked_undefined_semantics,,Unknown scoring mode: pre_update_at_task1_admission
167,P3__split_cifar10__task1_sym40__random_count_matched__observed__lambda2__s4,persistence,continuation,split_cifar10,task1_sym40,frozen_buffer_replay,pre_update_at_task1_admission,4,blocked_undefined_semantics,,Unknown scoring mode: pre_update_at_task1_admission
168,P3__split_cifar10__task1_sym40__random_count_matched__clean_reference_oracle__lambda1__s4,persistence,continuation,split_cifar10,task1_sym40,frozen_buffer_replay,pre_update_at_task1_admission,4,blocked_undefined_semantics,,Unknown scoring mode: pre_update_at_task1_admission
169,P3__split_cifar10__task1_sym40__random_count_matched__clean_reference_oracle__lambda2__s4,persistence,continuation,split_cifar10,task1_sym40,frozen_buffer_replay,pre_update_at_task1_admission,4,blocked_undefined_semantics,,Unknown scoring mode: pre_update_at_task1_admission
170,P3H__split_cifar10__task1_sym60__s0,persistence,common_history,split_cifar10,task1_sym60,ordinary_current_batch,pre_update_shadow_small_loss_and_matched_random,0,blocked_undefined_semantics,,Unknown scoring mode: pre_update_shadow_small_loss_and_matched_random
171,P3A__split_cifar10__task1_sym60__no_replay__s0,persistence,continuation,split_cifar10,task1_sym60,no_replay,,0,blocked_undefined_semantics,,Unknown scoring mode: nan
172,P3__split_cifar10__task1_sym60__small_loss_pre__observed__lambda1__s0,persistence,continuation,split_cifar10,task1_sym60,frozen_buffer_replay,pre_update_at_task1_admission,0,blocked_undefined_semantics,,Unknown scoring mode: pre_update_at_task1_admission
173,P3__split_cifar10__task1_sym60__small_loss_pre__observed__lambda2__s0,persistence,continuation,split_cifar10,task1_sym60,frozen_buffer_replay,pre_update_at_task1_admission,0,blocked_undefined_semantics,,Unknown scoring mode: pre_update_at_task1_admission
174,P3__split_cifar10__task1_sym60__small_loss_pre__clean_reference_oracle__lambda1__s0,persistence,continuation,split_cifar10,task1_sym60,frozen_buffer_replay,pre_update_at_task1_admission,0,blocked_undefined_semantics,,Unknown scoring mode: pre_update_at_task1_admission
175,P3__split_cifar10__task1_sym60__small_loss_pre__clean_reference_oracle__lambda2__s0,persistence,continuation,split_cifar10,task1_sym60,frozen_buffer_replay,pre_update_at_task1_admission,0,blocked_undefined_semantics,,Unknown scoring mode: pre_update_at_task1_admission
176,P3__split_cifar10__task1_sym60__random_count_matched__observed__lambda1__s0,persistence,continuation,split_cifar10,task1_sym60,frozen_buffer_replay,pre_update_at_task1_admission,0,blocked_undefined_semantics,,Unknown scoring mode: pre_update_at_task1_admission
177,P3__split_cifar10__task1_sym60__random_count_matched__observed__lambda2__s0,persistence,continuation,split_cifar10,task1_sym60,frozen_buffer_replay,pre_update_at_task1_admission,0,blocked_undefined_semantics,,Unknown scoring mode: pre_update_at_task1_admission
178,P3__split_cifar10__task1_sym60__random_count_matched__clean_reference_oracle__lambda1__s0,persistence,continuation,split_cifar10,task1_sym60,frozen_buffer_replay,pre_update_at_task1_admission,0,blocked_undefined_semantics,,Unknown scoring mode: pre_update_at_task1_admission
179,P3__split_cifar10__task1_sym60__random_count_matched__clean_reference_oracle__lambda2__s0,persistence,continuation,split_cifar10,task1_sym60,frozen_buffer_replay,pre_update_at_task1_admission,0,blocked_undefined_semantics,,Unknown scoring mode: pre_update_at_task1_admission
180,P3H__split_cifar10__task1_sym60__s1,persistence,common_history,split_cifar10,task1_sym60,ordinary_current_batch,pre_update_shadow_small_loss_and_matched_random,1,blocked_undefined_semantics,,Unknown scoring mode: pre_update_shadow_small_loss_and_matched_random
181,P3A__split_cifar10__task1_sym60__no_replay__s1,persistence,continuation,split_cifar10,task1_sym60,no_replay,,1,blocked_undefined_semantics,,Unknown scoring mode: nan
182,P3__split_cifar10__task1_sym60__small_loss_pre__observed__lambda1__s1,persistence,continuation,split_cifar10,task1_sym60,frozen_buffer_replay,pre_update_at_task1_admission,1,blocked_undefined_semantics,,Unknown scoring mode: pre_update_at_task1_admission
183,P3__split_cifar10__task1_sym60__small_loss_pre__observed__lambda2__s1,persistence,continuation,split_cifar10,task1_sym60,frozen_buffer_replay,pre_update_at_task1_admission,1,blocked_undefined_semantics,,Unknown scoring mode: pre_update_at_task1_admission
184,P3__split_cifar10__task1_sym60__small_loss_pre__clean_reference_oracle__lambda1__s1,persistence,continuation,split_cifar10,task1_sym60,frozen_buffer_replay,pre_update_at_task1_admission,1,blocked_undefined_semantics,,Unknown scoring mode: pre_update_at_task1_admission
185,P3__split_cifar10__task1_sym60__small_loss_pre__clean_reference_oracle__lambda2__s1,persistence,continuation,split_cifar10,task1_sym60,frozen_buffer_replay,pre_update_at_task1_admission,1,blocked_undefined_semantics,,Unknown scoring mode: pre_update_at_task1_admission
186,P3__split_cifar10__task1_sym60__random_count_matched__observed__lambda1__s1,persistence,continuation,split_cifar10,task1_sym60,frozen_buffer_replay,pre_update_at_task1_admission,1,blocked_undefined_semantics,,Unknown scoring mode: pre_update_at_task1_admission
187,P3__split_cifar10__task1_sym60__random_count_matched__observed__lambda2__s1,persistence,continuation,split_cifar10,task1_sym60,frozen_buffer_replay,pre_update_at_task1_admission,1,blocked_undefined_semantics,,Unknown scoring mode: pre_update_at_task1_admission
188,P3__split_cifar10__task1_sym60__random_count_matched__clean_reference_oracle__lambda1__s1,persistence,continuation,split_cifar10,task1_sym60,frozen_buffer_replay,pre_update_at_task1_admission,1,blocked_undefined_semantics,,Unknown scoring mode: pre_update_at_task1_admission
189,P3__split_cifar10__task1_sym60__random_count_matched__clean_reference_oracle__lambda2__s1,persistence,continuation,split_cifar10,task1_sym60,frozen_buffer_replay,pre_update_at_task1_admission,1,blocked_undefined_semantics,,Unknown scoring mode: pre_update_at_task1_admission
190,P3H__split_cifar10__task1_sym60__s2,persistence,common_history,split_cifar10,task1_sym60,ordinary_current_batch,pre_update_shadow_small_loss_and_matched_random,2,blocked_undefined_semantics,,Unknown scoring mode: pre_update_shadow_small_loss_and_matched_random
191,P3A__split_cifar10__task1_sym60__no_replay__s2,persistence,continuation,split_cifar10,task1_sym60,no_replay,,2,blocked_undefined_semantics,,Unknown scoring mode: nan
192,P3__split_cifar10__task1_sym60__small_loss_pre__observed__lambda1__s2,persistence,continuation,split_cifar10,task1_sym60,frozen_buffer_replay,pre_update_at_task1_admission,2,blocked_undefined_semantics,,Unknown scoring mode: pre_update_at_task1_admission
193,P3__split_cifar10__task1_sym60__small_loss_pre__observed__lambda2__s2,persistence,continuation,split_cifar10,task1_sym60,frozen_buffer_replay,pre_update_at_task1_admission,2,blocked_undefined_semantics,,Unknown scoring mode: pre_update_at_task1_admission
194,P3__split_cifar10__task1_sym60__small_loss_pre__clean_reference_oracle__lambda1__s2,persistence,continuation,split_cifar10,task1_sym60,frozen_buffer_replay,pre_update_at_task1_admission,2,blocked_undefined_semantics,,Unknown scoring mode: pre_update_at_task1_admission
195,P3__split_cifar10__task1_sym60__small_loss_pre__clean_reference_oracle__lambda2__s2,persistence,continuation,split_cifar10,task1_sym60,frozen_buffer_replay,pre_update_at_task1_admission,2,blocked_undefined_semantics,,Unknown scoring mode: pre_update_at_task1_admission
196,P3__split_cifar10__task1_sym60__random_count_matched__observed__lambda1__s2,persistence,continuation,split_cifar10,task1_sym60,frozen_buffer_replay,pre_update_at_task1_admission,2,blocked_undefined_semantics,,Unknown scoring mode: pre_update_at_task1_admission
197,P3__split_cifar10__task1_sym60__random_count_matched__observed__lambda2__s2,persistence,continuation,split_cifar10,task1_sym60,frozen_buffer_replay,pre_update_at_task1_admission,2,blocked_undefined_semantics,,Unknown scoring mode: pre_update_at_task1_admission
198,P3__split_cifar10__task1_sym60__random_count_matched__clean_reference_oracle__lambda1__s2,persistence,continuation,split_cifar10,task1_sym60,frozen_buffer_replay,pre_update_at_task1_admission,2,blocked_undefined_semantics,,Unknown scoring mode: pre_update_at_task1_admission
199,P3__split_cifar10__task1_sym60__random_count_matched__clean_reference_oracle__lambda2__s2,persistence,continuation,split_cifar10,task1_sym60,frozen_buffer_replay,pre_update_at_task1_admission,2,blocked_undefined_semantics,,Unknown scoring mode: pre_update_at_task1_admission
200,P3H__split_cifar10__task1_sym60__s3,persistence,common_history,split_cifar10,task1_sym60,ordinary_current_batch,pre_update_shadow_small_loss_and_matched_random,3,blocked_undefined_semantics,,Unknown scoring mode: pre_update_shadow_small_loss_and_matched_random
201,P3A__split_cifar10__task1_sym60__no_replay__s3,persistence,continuation,split_cifar10,task1_sym60,no_replay,,3,blocked_undefined_semantics,,Unknown scoring mode: nan
202,P3__split_cifar10__task1_sym60__small_loss_pre__observed__lambda1__s3,persistence,continuation,split_cifar10,task1_sym60,frozen_buffer_replay,pre_update_at_task1_admission,3,blocked_undefined_semantics,,Unknown scoring mode: pre_update_at_task1_admission
203,P3__split_cifar10__task1_sym60__small_loss_pre__observed__lambda2__s3,persistence,continuation,split_cifar10,task1_sym60,frozen_buffer_replay,pre_update_at_task1_admission,3,blocked_undefined_semantics,,Unknown scoring mode: pre_update_at_task1_admission
204,P3__split_cifar10__task1_sym60__small_loss_pre__clean_reference_oracle__lambda1__s3,persistence,continuation,split_cifar10,task1_sym60,frozen_buffer_replay,pre_update_at_task1_admission,3,blocked_undefined_semantics,,Unknown scoring mode: pre_update_at_task1_admission
205,P3__split_cifar10__task1_sym60__small_loss_pre__clean_reference_oracle__lambda2__s3,persistence,continuation,split_cifar10,task1_sym60,frozen_buffer_replay,pre_update_at_task1_admission,3,blocked_undefined_semantics,,Unknown scoring mode: pre_update_at_task1_admission
206,P3__split_cifar10__task1_sym60__random_count_matched__observed__lambda1__s3,persistence,continuation,split_cifar10,task1_sym60,frozen_buffer_replay,pre_update_at_task1_admission,3,blocked_undefined_semantics,,Unknown scoring mode: pre_update_at_task1_admission
207,P3__split_cifar10__task1_sym60__random_count_matched__observed__lambda2__s3,persistence,continuation,split_cifar10,task1_sym60,frozen_buffer_replay,pre_update_at_task1_admission,3,blocked_undefined_semantics,,Unknown scoring mode: pre_update_at_task1_admission
208,P3__split_cifar10__task1_sym60__random_count_matched__clean_reference_oracle__lambda1__s3,persistence,continuation,split_cifar10,task1_sym60,frozen_buffer_replay,pre_update_at_task1_admission,3,blocked_undefined_semantics,,Unknown scoring mode: pre_update_at_task1_admission
209,P3__split_cifar10__task1_sym60__random_count_matched__clean_reference_oracle__lambda2__s3,persistence,continuation,split_cifar10,task1_sym60,frozen_buffer_replay,pre_update_at_task1_admission,3,blocked_undefined_semantics,,Unknown scoring mode: pre_update_at_task1_admission
210,P3H__split_cifar10__task1_sym60__s4,persistence,common_history,split_cifar10,task1_sym60,ordinary_current_batch,pre_update_shadow_small_loss_and_matched_random,4,blocked_undefined_semantics,,Unknown scoring mode: pre_update_shadow_small_loss_and_matched_random
211,P3A__split_cifar10__task1_sym60__no_replay__s4,persistence,continuation,split_cifar10,task1_sym60,no_replay,,4,blocked_undefined_semantics,,Unknown scoring mode: nan
212,P3__split_cifar10__task1_sym60__small_loss_pre__observed__lambda1__s4,persistence,continuation,split_cifar10,task1_sym60,frozen_buffer_replay,pre_update_at_task1_admission,4,blocked_undefined_semantics,,Unknown scoring mode: pre_update_at_task1_admission
213,P3__split_cifar10__task1_sym60__small_loss_pre__observed__lambda2__s4,persistence,continuation,split_cifar10,task1_sym60,frozen_buffer_replay,pre_update_at_task1_admission,4,blocked_undefined_semantics,,Unknown scoring mode: pre_update_at_task1_admission
214,P3__split_cifar10__task1_sym60__small_loss_pre__clean_reference_oracle__lambda1__s4,persistence,continuation,split_cifar10,task1_sym60,frozen_buffer_replay,pre_update_at_task1_admission,4,blocked_undefined_semantics,,Unknown scoring mode: pre_update_at_task1_admission
215,P3__split_cifar10__task1_sym60__small_loss_pre__clean_reference_oracle__lambda2__s4,persistence,continuation,split_cifar10,task1_sym60,frozen_buffer_replay,pre_update_at_task1_admission,4,blocked_undefined_semantics,,Unknown scoring mode: pre_update_at_task1_admission
216,P3__split_cifar10__task1_sym60__random_count_matched__observed__lambda1__s4,persistence,continuation,split_cifar10,task1_sym60,frozen_buffer_replay,pre_update_at_task1_admission,4,blocked_undefined_semantics,,Unknown scoring mode: pre_update_at_task1_admission
217,P3__split_cifar10__task1_sym60__random_count_matched__observed__lambda2__s4,persistence,continuation,split_cifar10,task1_sym60,frozen_buffer_replay,pre_update_at_task1_admission,4,blocked_undefined_semantics,,Unknown scoring mode: pre_update_at_task1_admission
218,P3__split_cifar10__task1_sym60__random_count_matched__clean_reference_oracle__lambda1__s4,persistence,continuation,split_cifar10,task1_sym60,frozen_buffer_replay,pre_update_at_task1_admission,4,blocked_undefined_semantics,,Unknown scoring mode: pre_update_at_task1_admission
219,P3__split_cifar10__task1_sym60__random_count_matched__clean_reference_oracle__lambda2__s4,persistence,continuation,split_cifar10,task1_sym60,frozen_buffer_replay,pre_update_at_task1_admission,4,blocked_undefined_semantics,,Unknown scoring mode: pre_update_at_task1_admission
220,P3H__seq_cifar10__task1_sym40__s0,persistence,common_history,seq_cifar10,task1_sym40,ordinary_current_batch,pre_update_shadow_small_loss_and_matched_random,0,blocked_undefined_semantics,,Unknown scoring mode: pre_update_shadow_small_loss_and_matched_random
221,P3A__seq_cifar10__task1_sym40__no_replay__s0,persistence,continuation,seq_cifar10,task1_sym40,no_replay,,0,blocked_undefined_semantics,,Unknown scoring mode: nan
222,P3__seq_cifar10__task1_sym40__small_loss_pre__observed__lambda1__s0,persistence,continuation,seq_cifar10,task1_sym40,frozen_buffer_replay,pre_update_at_task1_admission,0,blocked_undefined_semantics,,Unknown scoring mode: pre_update_at_task1_admission
223,P3__seq_cifar10__task1_sym40__small_loss_pre__observed__lambda2__s0,persistence,continuation,seq_cifar10,task1_sym40,frozen_buffer_replay,pre_update_at_task1_admission,0,blocked_undefined_semantics,,Unknown scoring mode: pre_update_at_task1_admission
224,P3__seq_cifar10__task1_sym40__small_loss_pre__clean_reference_oracle__lambda1__s0,persistence,continuation,seq_cifar10,task1_sym40,frozen_buffer_replay,pre_update_at_task1_admission,0,blocked_undefined_semantics,,Unknown scoring mode: pre_update_at_task1_admission
225,P3__seq_cifar10__task1_sym40__small_loss_pre__clean_reference_oracle__lambda2__s0,persistence,continuation,seq_cifar10,task1_sym40,frozen_buffer_replay,pre_update_at_task1_admission,0,blocked_undefined_semantics,,Unknown scoring mode: pre_update_at_task1_admission
226,P3__seq_cifar10__task1_sym40__random_count_matched__observed__lambda1__s0,persistence,continuation,seq_cifar10,task1_sym40,frozen_buffer_replay,pre_update_at_task1_admission,0,blocked_undefined_semantics,,Unknown scoring mode: pre_update_at_task1_admission
227,P3__seq_cifar10__task1_sym40__random_count_matched__observed__lambda2__s0,persistence,continuation,seq_cifar10,task1_sym40,frozen_buffer_replay,pre_update_at_task1_admission,0,blocked_undefined_semantics,,Unknown scoring mode: pre_update_at_task1_admission
228,P3__seq_cifar10__task1_sym40__random_count_matched__clean_reference_oracle__lambda1__s0,persistence,continuation,seq_cifar10,task1_sym40,frozen_buffer_replay,pre_update_at_task1_admission,0,blocked_undefined_semantics,,Unknown scoring mode: pre_update_at_task1_admission
229,P3__seq_cifar10__task1_sym40__random_count_matched__clean_reference_oracle__lambda2__s0,persistence,continuation,seq_cifar10,task1_sym40,frozen_buffer_replay,pre_update_at_task1_admission,0,blocked_undefined_semantics,,Unknown scoring mode: pre_update_at_task1_admission
230,P3H__seq_cifar10__task1_sym40__s1,persistence,common_history,seq_cifar10,task1_sym40,ordinary_current_batch,pre_update_shadow_small_loss_and_matched_random,1,blocked_undefined_semantics,,Unknown scoring mode: pre_update_shadow_small_loss_and_matched_random
231,P3A__seq_cifar10__task1_sym40__no_replay__s1,persistence,continuation,seq_cifar10,task1_sym40,no_replay,,1,blocked_undefined_semantics,,Unknown scoring mode: nan
232,P3__seq_cifar10__task1_sym40__small_loss_pre__observed__lambda1__s1,persistence,continuation,seq_cifar10,task1_sym40,frozen_buffer_replay,pre_update_at_task1_admission,1,blocked_undefined_semantics,,Unknown scoring mode: pre_update_at_task1_admission
233,P3__seq_cifar10__task1_sym40__small_loss_pre__observed__lambda2__s1,persistence,continuation,seq_cifar10,task1_sym40,frozen_buffer_replay,pre_update_at_task1_admission,1,blocked_undefined_semantics,,Unknown scoring mode: pre_update_at_task1_admission
234,P3__seq_cifar10__task1_sym40__small_loss_pre__clean_reference_oracle__lambda1__s1,persistence,continuation,seq_cifar10,task1_sym40,frozen_buffer_replay,pre_update_at_task1_admission,1,blocked_undefined_semantics,,Unknown scoring mode: pre_update_at_task1_admission
235,P3__seq_cifar10__task1_sym40__small_loss_pre__clean_reference_oracle__lambda2__s1,persistence,continuation,seq_cifar10,task1_sym40,frozen_buffer_replay,pre_update_at_task1_admission,1,blocked_undefined_semantics,,Unknown scoring mode: pre_update_at_task1_admission
236,P3__seq_cifar10__task1_sym40__random_count_matched__observed__lambda1__s1,persistence,continuation,seq_cifar10,task1_sym40,frozen_buffer_replay,pre_update_at_task1_admission,1,blocked_undefined_semantics,,Unknown scoring mode: pre_update_at_task1_admission
237,P3__seq_cifar10__task1_sym40__random_count_matched__observed__lambda2__s1,persistence,continuation,seq_cifar10,task1_sym40,frozen_buffer_replay,pre_update_at_task1_admission,1,blocked_undefined_semantics,,Unknown scoring mode: pre_update_at_task1_admission
238,P3__seq_cifar10__task1_sym40__random_count_matched__clean_reference_oracle__lambda1__s1,persistence,continuation,seq_cifar10,task1_sym40,frozen_buffer_replay,pre_update_at_task1_admission,1,blocked_undefined_semantics,,Unknown scoring mode: pre_update_at_task1_admission
239,P3__seq_cifar10__task1_sym40__random_count_matched__clean_reference_oracle__lambda2__s1,persistence,continuation,seq_cifar10,task1_sym40,frozen_buffer_replay,pre_update_at_task1_admission,1,blocked_undefined_semantics,,Unknown scoring mode: pre_update_at_task1_admission
240,P3H__seq_cifar10__task1_sym40__s2,persistence,common_history,seq_cifar10,task1_sym40,ordinary_current_batch,pre_update_shadow_small_loss_and_matched_random,2,blocked_undefined_semantics,,Unknown scoring mode: pre_update_shadow_small_loss_and_matched_random
241,P3A__seq_cifar10__task1_sym40__no_replay__s2,persistence,continuation,seq_cifar10,task1_sym40,no_replay,,2,blocked_undefined_semantics,,Unknown scoring mode: nan
242,P3__seq_cifar10__task1_sym40__small_loss_pre__observed__lambda1__s2,persistence,continuation,seq_cifar10,task1_sym40,frozen_buffer_replay,pre_update_at_task1_admission,2,blocked_undefined_semantics,,Unknown scoring mode: pre_update_at_task1_admission
243,P3__seq_cifar10__task1_sym40__small_loss_pre__observed__lambda2__s2,persistence,continuation,seq_cifar10,task1_sym40,frozen_buffer_replay,pre_update_at_task1_admission,2,blocked_undefined_semantics,,Unknown scoring mode: pre_update_at_task1_admission
244,P3__seq_cifar10__task1_sym40__small_loss_pre__clean_reference_oracle__lambda1__s2,persistence,continuation,seq_cifar10,task1_sym40,frozen_buffer_replay,pre_update_at_task1_admission,2,blocked_undefined_semantics,,Unknown scoring mode: pre_update_at_task1_admission
245,P3__seq_cifar10__task1_sym40__small_loss_pre__clean_reference_oracle__lambda2__s2,persistence,continuation,seq_cifar10,task1_sym40,frozen_buffer_replay,pre_update_at_task1_admission,2,blocked_undefined_semantics,,Unknown scoring mode: pre_update_at_task1_admission
246,P3__seq_cifar10__task1_sym40__random_count_matched__observed__lambda1__s2,persistence,continuation,seq_cifar10,task1_sym40,frozen_buffer_replay,pre_update_at_task1_admission,2,blocked_undefined_semantics,,Unknown scoring mode: pre_update_at_task1_admission
247,P3__seq_cifar10__task1_sym40__random_count_matched__observed__lambda2__s2,persistence,continuation,seq_cifar10,task1_sym40,frozen_buffer_replay,pre_update_at_task1_admission,2,blocked_undefined_semantics,,Unknown scoring mode: pre_update_at_task1_admission
248,P3__seq_cifar10__task1_sym40__random_count_matched__clean_reference_oracle__lambda1__s2,persistence,continuation,seq_cifar10,task1_sym40,frozen_buffer_replay,pre_update_at_task1_admission,2,blocked_undefined_semantics,,Unknown scoring mode: pre_update_at_task1_admission
249,P3__seq_cifar10__task1_sym40__random_count_matched__clean_reference_oracle__lambda2__s2,persistence,continuation,seq_cifar10,task1_sym40,frozen_buffer_replay,pre_update_at_task1_admission,2,blocked_undefined_semantics,,Unknown scoring mode: pre_update_at_task1_admission
250,P3H__seq_cifar10__task1_sym40__s3,persistence,common_history,seq_cifar10,task1_sym40,ordinary_current_batch,pre_update_shadow_small_loss_and_matched_random,3,blocked_undefined_semantics,,Unknown scoring mode: pre_update_shadow_small_loss_and_matched_random
251,P3A__seq_cifar10__task1_sym40__no_replay__s3,persistence,continuation,seq_cifar10,task1_sym40,no_replay,,3,blocked_undefined_semantics,,Unknown scoring mode: nan
252,P3__seq_cifar10__task1_sym40__small_loss_pre__observed__lambda1__s3,persistence,continuation,seq_cifar10,task1_sym40,frozen_buffer_replay,pre_update_at_task1_admission,3,blocked_undefined_semantics,,Unknown scoring mode: pre_update_at_task1_admission
253,P3__seq_cifar10__task1_sym40__small_loss_pre__observed__lambda2__s3,persistence,continuation,seq_cifar10,task1_sym40,frozen_buffer_replay,pre_update_at_task1_admission,3,blocked_undefined_semantics,,Unknown scoring mode: pre_update_at_task1_admission
254,P3__seq_cifar10__task1_sym40__small_loss_pre__clean_reference_oracle__lambda1__s3,persistence,continuation,seq_cifar10,task1_sym40,frozen_buffer_replay,pre_update_at_task1_admission,3,blocked_undefined_semantics,,Unknown scoring mode: pre_update_at_task1_admission
255,P3__seq_cifar10__task1_sym40__small_loss_pre__clean_reference_oracle__lambda2__s3,persistence,continuation,seq_cifar10,task1_sym40,frozen_buffer_replay,pre_update_at_task1_admission,3,blocked_undefined_semantics,,Unknown scoring mode: pre_update_at_task1_admission
256,P3__seq_cifar10__task1_sym40__random_count_matched__observed__lambda1__s3,persistence,continuation,seq_cifar10,task1_sym40,frozen_buffer_replay,pre_update_at_task1_admission,3,blocked_undefined_semantics,,Unknown scoring mode: pre_update_at_task1_admission
257,P3__seq_cifar10__task1_sym40__random_count_matched__observed__lambda2__s3,persistence,continuation,seq_cifar10,task1_sym40,frozen_buffer_replay,pre_update_at_task1_admission,3,blocked_undefined_semantics,,Unknown scoring mode: pre_update_at_task1_admission
258,P3__seq_cifar10__task1_sym40__random_count_matched__clean_reference_oracle__lambda1__s3,persistence,continuation,seq_cifar10,task1_sym40,frozen_buffer_replay,pre_update_at_task1_admission,3,blocked_undefined_semantics,,Unknown scoring mode: pre_update_at_task1_admission
259,P3__seq_cifar10__task1_sym40__random_count_matched__clean_reference_oracle__lambda2__s3,persistence,continuation,seq_cifar10,task1_sym40,frozen_buffer_replay,pre_update_at_task1_admission,3,blocked_undefined_semantics,,Unknown scoring mode: pre_update_at_task1_admission
260,P3H__seq_cifar10__task1_sym40__s4,persistence,common_history,seq_cifar10,task1_sym40,ordinary_current_batch,pre_update_shadow_small_loss_and_matched_random,4,blocked_undefined_semantics,,Unknown scoring mode: pre_update_shadow_small_loss_and_matched_random
261,P3A__seq_cifar10__task1_sym40__no_replay__s4,persistence,continuation,seq_cifar10,task1_sym40,no_replay,,4,blocked_undefined_semantics,,Unknown scoring mode: nan
262,P3__seq_cifar10__task1_sym40__small_loss_pre__observed__lambda1__s4,persistence,continuation,seq_cifar10,task1_sym40,frozen_buffer_replay,pre_update_at_task1_admission,4,blocked_undefined_semantics,,Unknown scoring mode: pre_update_at_task1_admission
263,P3__seq_cifar10__task1_sym40__small_loss_pre__observed__lambda2__s4,persistence,continuation,seq_cifar10,task1_sym40,frozen_buffer_replay,pre_update_at_task1_admission,4,blocked_undefined_semantics,,Unknown scoring mode: pre_update_at_task1_admission
264,P3__seq_cifar10__task1_sym40__small_loss_pre__clean_reference_oracle__lambda1__s4,persistence,continuation,seq_cifar10,task1_sym40,frozen_buffer_replay,pre_update_at_task1_admission,4,blocked_undefined_semantics,,Unknown scoring mode: pre_update_at_task1_admission
265,P3__seq_cifar10__task1_sym40__small_loss_pre__clean_reference_oracle__lambda2__s4,persistence,continuation,seq_cifar10,task1_sym40,frozen_buffer_replay,pre_update_at_task1_admission,4,blocked_undefined_semantics,,Unknown scoring mode: pre_update_at_task1_admission
266,P3__seq_cifar10__task1_sym40__random_count_matched__observed__lambda1__s4,persistence,continuation,seq_cifar10,task1_sym40,frozen_buffer_replay,pre_update_at_task1_admission,4,blocked_undefined_semantics,,Unknown scoring mode: pre_update_at_task1_admission
267,P3__seq_cifar10__task1_sym40__random_count_matched__observed__lambda2__s4,persistence,continuation,seq_cifar10,task1_sym40,frozen_buffer_replay,pre_update_at_task1_admission,4,blocked_undefined_semantics,,Unknown scoring mode: pre_update_at_task1_admission
268,P3__seq_cifar10__task1_sym40__random_count_matched__clean_reference_oracle__lambda1__s4,persistence,continuation,seq_cifar10,task1_sym40,frozen_buffer_replay,pre_update_at_task1_admission,4,blocked_undefined_semantics,,Unknown scoring mode: pre_update_at_task1_admission
269,P3__seq_cifar10__task1_sym40__random_count_matched__clean_reference_oracle__lambda2__s4,persistence,continuation,seq_cifar10,task1_sym40,frozen_buffer_replay,pre_update_at_task1_admission,4,blocked_undefined_semantics,,Unknown scoring mode: pre_update_at_task1_admission
270,P3H__seq_cifar10__task1_sym60__s0,persistence,common_history,seq_cifar10,task1_sym60,ordinary_current_batch,pre_update_shadow_small_loss_and_matched_random,0,blocked_undefined_semantics,,Unknown scoring mode: pre_update_shadow_small_loss_and_matched_random
271,P3A__seq_cifar10__task1_sym60__no_replay__s0,persistence,continuation,seq_cifar10,task1_sym60,no_replay,,0,blocked_undefined_semantics,,Unknown scoring mode: nan
272,P3__seq_cifar10__task1_sym60__small_loss_pre__observed__lambda1__s0,persistence,continuation,seq_cifar10,task1_sym60,frozen_buffer_replay,pre_update_at_task1_admission,0,blocked_undefined_semantics,,Unknown scoring mode: pre_update_at_task1_admission
273,P3__seq_cifar10__task1_sym60__small_loss_pre__observed__lambda2__s0,persistence,continuation,seq_cifar10,task1_sym60,frozen_buffer_replay,pre_update_at_task1_admission,0,blocked_undefined_semantics,,Unknown scoring mode: pre_update_at_task1_admission
274,P3__seq_cifar10__task1_sym60__small_loss_pre__clean_reference_oracle__lambda1__s0,persistence,continuation,seq_cifar10,task1_sym60,frozen_buffer_replay,pre_update_at_task1_admission,0,blocked_undefined_semantics,,Unknown scoring mode: pre_update_at_task1_admission
275,P3__seq_cifar10__task1_sym60__small_loss_pre__clean_reference_oracle__lambda2__s0,persistence,continuation,seq_cifar10,task1_sym60,frozen_buffer_replay,pre_update_at_task1_admission,0,blocked_undefined_semantics,,Unknown scoring mode: pre_update_at_task1_admission
276,P3__seq_cifar10__task1_sym60__random_count_matched__observed__lambda1__s0,persistence,continuation,seq_cifar10,task1_sym60,frozen_buffer_replay,pre_update_at_task1_admission,0,blocked_undefined_semantics,,Unknown scoring mode: pre_update_at_task1_admission
277,P3__seq_cifar10__task1_sym60__random_count_matched__observed__lambda2__s0,persistence,continuation,seq_cifar10,task1_sym60,frozen_buffer_replay,pre_update_at_task1_admission,0,blocked_undefined_semantics,,Unknown scoring mode: pre_update_at_task1_admission
278,P3__seq_cifar10__task1_sym60__random_count_matched__clean_reference_oracle__lambda1__s0,persistence,continuation,seq_cifar10,task1_sym60,frozen_buffer_replay,pre_update_at_task1_admission,0,blocked_undefined_semantics,,Unknown scoring mode: pre_update_at_task1_admission
279,P3__seq_cifar10__task1_sym60__random_count_matched__clean_reference_oracle__lambda2__s0,persistence,continuation,seq_cifar10,task1_sym60,frozen_buffer_replay,pre_update_at_task1_admission,0,blocked_undefined_semantics,,Unknown scoring mode: pre_update_at_task1_admission
280,P3H__seq_cifar10__task1_sym60__s1,persistence,common_history,seq_cifar10,task1_sym60,ordinary_current_batch,pre_update_shadow_small_loss_and_matched_random,1,blocked_undefined_semantics,,Unknown scoring mode: pre_update_shadow_small_loss_and_matched_random
281,P3A__seq_cifar10__task1_sym60__no_replay__s1,persistence,continuation,seq_cifar10,task1_sym60,no_replay,,1,blocked_undefined_semantics,,Unknown scoring mode: nan
282,P3__seq_cifar10__task1_sym60__small_loss_pre__observed__lambda1__s1,persistence,continuation,seq_cifar10,task1_sym60,frozen_buffer_replay,pre_update_at_task1_admission,1,blocked_undefined_semantics,,Unknown scoring mode: pre_update_at_task1_admission
283,P3__seq_cifar10__task1_sym60__small_loss_pre__observed__lambda2__s1,persistence,continuation,seq_cifar10,task1_sym60,frozen_buffer_replay,pre_update_at_task1_admission,1,blocked_undefined_semantics,,Unknown scoring mode: pre_update_at_task1_admission
284,P3__seq_cifar10__task1_sym60__small_loss_pre__clean_reference_oracle__lambda1__s1,persistence,continuation,seq_cifar10,task1_sym60,frozen_buffer_replay,pre_update_at_task1_admission,1,blocked_undefined_semantics,,Unknown scoring mode: pre_update_at_task1_admission
285,P3__seq_cifar10__task1_sym60__small_loss_pre__clean_reference_oracle__lambda2__s1,persistence,continuation,seq_cifar10,task1_sym60,frozen_buffer_replay,pre_update_at_task1_admission,1,blocked_undefined_semantics,,Unknown scoring mode: pre_update_at_task1_admission
286,P3__seq_cifar10__task1_sym60__random_count_matched__observed__lambda1__s1,persistence,continuation,seq_cifar10,task1_sym60,frozen_buffer_replay,pre_update_at_task1_admission,1,blocked_undefined_semantics,,Unknown scoring mode: pre_update_at_task1_admission
287,P3__seq_cifar10__task1_sym60__random_count_matched__observed__lambda2__s1,persistence,continuation,seq_cifar10,task1_sym60,frozen_buffer_replay,pre_update_at_task1_admission,1,blocked_undefined_semantics,,Unknown scoring mode: pre_update_at_task1_admission
288,P3__seq_cifar10__task1_sym60__random_count_matched__clean_reference_oracle__lambda1__s1,persistence,continuation,seq_cifar10,task1_sym60,frozen_buffer_replay,pre_update_at_task1_admission,1,blocked_undefined_semantics,,Unknown scoring mode: pre_update_at_task1_admission
289,P3__seq_cifar10__task1_sym60__random_count_matched__clean_reference_oracle__lambda2__s1,persistence,continuation,seq_cifar10,task1_sym60,frozen_buffer_replay,pre_update_at_task1_admission,1,blocked_undefined_semantics,,Unknown scoring mode: pre_update_at_task1_admission
290,P3H__seq_cifar10__task1_sym60__s2,persistence,common_history,seq_cifar10,task1_sym60,ordinary_current_batch,pre_update_shadow_small_loss_and_matched_random,2,blocked_undefined_semantics,,Unknown scoring mode: pre_update_shadow_small_loss_and_matched_random
291,P3A__seq_cifar10__task1_sym60__no_replay__s2,persistence,continuation,seq_cifar10,task1_sym60,no_replay,,2,blocked_undefined_semantics,,Unknown scoring mode: nan
292,P3__seq_cifar10__task1_sym60__small_loss_pre__observed__lambda1__s2,persistence,continuation,seq_cifar10,task1_sym60,frozen_buffer_replay,pre_update_at_task1_admission,2,blocked_undefined_semantics,,Unknown scoring mode: pre_update_at_task1_admission
293,P3__seq_cifar10__task1_sym60__small_loss_pre__observed__lambda2__s2,persistence,continuation,seq_cifar10,task1_sym60,frozen_buffer_replay,pre_update_at_task1_admission,2,blocked_undefined_semantics,,Unknown scoring mode: pre_update_at_task1_admission
294,P3__seq_cifar10__task1_sym60__small_loss_pre__clean_reference_oracle__lambda1__s2,persistence,continuation,seq_cifar10,task1_sym60,frozen_buffer_replay,pre_update_at_task1_admission,2,blocked_undefined_semantics,,Unknown scoring mode: pre_update_at_task1_admission
295,P3__seq_cifar10__task1_sym60__small_loss_pre__clean_reference_oracle__lambda2__s2,persistence,continuation,seq_cifar10,task1_sym60,frozen_buffer_replay,pre_update_at_task1_admission,2,blocked_undefined_semantics,,Unknown scoring mode: pre_update_at_task1_admission
296,P3__seq_cifar10__task1_sym60__random_count_matched__observed__lambda1__s2,persistence,continuation,seq_cifar10,task1_sym60,frozen_buffer_replay,pre_update_at_task1_admission,2,blocked_undefined_semantics,,Unknown scoring mode: pre_update_at_task1_admission
297,P3__seq_cifar10__task1_sym60__random_count_matched__observed__lambda2__s2,persistence,continuation,seq_cifar10,task1_sym60,frozen_buffer_replay,pre_update_at_task1_admission,2,blocked_undefined_semantics,,Unknown scoring mode: pre_update_at_task1_admission
298,P3__seq_cifar10__task1_sym60__random_count_matched__clean_reference_oracle__lambda1__s2,persistence,continuation,seq_cifar10,task1_sym60,frozen_buffer_replay,pre_update_at_task1_admission,2,blocked_undefined_semantics,,Unknown scoring mode: pre_update_at_task1_admission
299,P3__seq_cifar10__task1_sym60__random_count_matched__clean_reference_oracle__lambda2__s2,persistence,continuation,seq_cifar10,task1_sym60,frozen_buffer_replay,pre_update_at_task1_admission,2,blocked_undefined_semantics,,Unknown scoring mode: pre_update_at_task1_admission
300,P3H__seq_cifar10__task1_sym60__s3,persistence,common_history,seq_cifar10,task1_sym60,ordinary_current_batch,pre_update_shadow_small_loss_and_matched_random,3,blocked_undefined_semantics,,Unknown scoring mode: pre_update_shadow_small_loss_and_matched_random
301,P3A__seq_cifar10__task1_sym60__no_replay__s3,persistence,continuation,seq_cifar10,task1_sym60,no_replay,,3,blocked_undefined_semantics,,Unknown scoring mode: nan
302,P3__seq_cifar10__task1_sym60__small_loss_pre__observed__lambda1__s3,persistence,continuation,seq_cifar10,task1_sym60,frozen_buffer_replay,pre_update_at_task1_admission,3,blocked_undefined_semantics,,Unknown scoring mode: pre_update_at_task1_admission
303,P3__seq_cifar10__task1_sym60__small_loss_pre__observed__lambda2__s3,persistence,continuation,seq_cifar10,task1_sym60,frozen_buffer_replay,pre_update_at_task1_admission,3,blocked_undefined_semantics,,Unknown scoring mode: pre_update_at_task1_admission
304,P3__seq_cifar10__task1_sym60__small_loss_pre__clean_reference_oracle__lambda1__s3,persistence,continuation,seq_cifar10,task1_sym60,frozen_buffer_replay,pre_update_at_task1_admission,3,blocked_undefined_semantics,,Unknown scoring mode: pre_update_at_task1_admission
305,P3__seq_cifar10__task1_sym60__small_loss_pre__clean_reference_oracle__lambda2__s3,persistence,continuation,seq_cifar10,task1_sym60,frozen_buffer_replay,pre_update_at_task1_admission,3,blocked_undefined_semantics,,Unknown scoring mode: pre_update_at_task1_admission
306,P3__seq_cifar10__task1_sym60__random_count_matched__observed__lambda1__s3,persistence,continuation,seq_cifar10,task1_sym60,frozen_buffer_replay,pre_update_at_task1_admission,3,blocked_undefined_semantics,,Unknown scoring mode: pre_update_at_task1_admission
307,P3__seq_cifar10__task1_sym60__random_count_matched__observed__lambda2__s3,persistence,continuation,seq_cifar10,task1_sym60,frozen_buffer_replay,pre_update_at_task1_admission,3,blocked_undefined_semantics,,Unknown scoring mode: pre_update_at_task1_admission
308,P3__seq_cifar10__task1_sym60__random_count_matched__clean_reference_oracle__lambda1__s3,persistence,continuation,seq_cifar10,task1_sym60,frozen_buffer_replay,pre_update_at_task1_admission,3,blocked_undefined_semantics,,Unknown scoring mode: pre_update_at_task1_admission
309,P3__seq_cifar10__task1_sym60__random_count_matched__clean_reference_oracle__lambda2__s3,persistence,continuation,seq_cifar10,task1_sym60,frozen_buffer_replay,pre_update_at_task1_admission,3,blocked_undefined_semantics,,Unknown scoring mode: pre_update_at_task1_admission
310,P3H__seq_cifar10__task1_sym60__s4,persistence,common_history,seq_cifar10,task1_sym60,ordinary_current_batch,pre_update_shadow_small_loss_and_matched_random,4,blocked_undefined_semantics,,Unknown scoring mode: pre_update_shadow_small_loss_and_matched_random
311,P3A__seq_cifar10__task1_sym60__no_replay__s4,persistence,continuation,seq_cifar10,task1_sym60,no_replay,,4,blocked_undefined_semantics,,Unknown scoring mode: nan
312,P3__seq_cifar10__task1_sym60__small_loss_pre__observed__lambda1__s4,persistence,continuation,seq_cifar10,task1_sym60,frozen_buffer_replay,pre_update_at_task1_admission,4,blocked_undefined_semantics,,Unknown scoring mode: pre_update_at_task1_admission
313,P3__seq_cifar10__task1_sym60__small_loss_pre__observed__lambda2__s4,persistence,continuation,seq_cifar10,task1_sym60,frozen_buffer_replay,pre_update_at_task1_admission,4,blocked_undefined_semantics,,Unknown scoring mode: pre_update_at_task1_admission
314,P3__seq_cifar10__task1_sym60__small_loss_pre__clean_reference_oracle__lambda1__s4,persistence,continuation,seq_cifar10,task1_sym60,frozen_buffer_replay,pre_update_at_task1_admission,4,blocked_undefined_semantics,,Unknown scoring mode: pre_update_at_task1_admission
315,P3__seq_cifar10__task1_sym60__small_loss_pre__clean_reference_oracle__lambda2__s4,persistence,continuation,seq_cifar10,task1_sym60,frozen_buffer_replay,pre_update_at_task1_admission,4,blocked_undefined_semantics,,Unknown scoring mode: pre_update_at_task1_admission
316,P3__seq_cifar10__task1_sym60__random_count_matched__observed__lambda1__s4,persistence,continuation,seq_cifar10,task1_sym60,frozen_buffer_replay,pre_update_at_task1_admission,4,blocked_undefined_semantics,,Unknown scoring mode: pre_update_at_task1_admission
317,P3__seq_cifar10__task1_sym60__random_count_matched__observed__lambda2__s4,persistence,continuation,seq_cifar10,task1_sym60,frozen_buffer_replay,pre_update_at_task1_admission,4,blocked_undefined_semantics,,Unknown scoring mode: pre_update_at_task1_admission
318,P3__seq_cifar10__task1_sym60__random_count_matched__clean_reference_oracle__lambda1__s4,persistence,continuation,seq_cifar10,task1_sym60,frozen_buffer_replay,pre_update_at_task1_admission,4,blocked_undefined_semantics,,Unknown scoring mode: pre_update_at_task1_admission
319,P3__seq_cifar10__task1_sym60__random_count_matched__clean_reference_oracle__lambda2__s4,persistence,continuation,seq_cifar10,task1_sym60,frozen_buffer_replay,pre_update_at_task1_admission,4,blocked_undefined_semantics,,Unknown scoring mode: pre_update_at_task1_admission
320,P4__split_cifar10__sym20__R1__er__s0,recipe,training,split_cifar10,sym20,er,none_or_oracle,0,blocked_undefined_semantics,,Unknown scoring mode: none_or_oracle
321,P4__split_cifar10__sym20__R1__er__s1,recipe,training,split_cifar10,sym20,er,none_or_oracle,1,blocked_undefined_semantics,,Unknown scoring mode: none_or_oracle
322,P4__split_cifar10__sym20__R1__er__s2,recipe,training,split_cifar10,sym20,er,none_or_oracle,2,blocked_undefined_semantics,,Unknown scoring mode: none_or_oracle
323,P4__split_cifar10__sym20__R1__er__s3,recipe,training,split_cifar10,sym20,er,none_or_oracle,3,blocked_undefined_semantics,,Unknown scoring mode: none_or_oracle
324,P4__split_cifar10__sym20__R1__er__s4,recipe,training,split_cifar10,sym20,er,none_or_oracle,4,blocked_undefined_semantics,,Unknown scoring mode: none_or_oracle
325,P4__split_cifar10__sym20__R1__small_loss_pre__s0,recipe,training,split_cifar10,sym20,small_loss_pre,pre_update,0,immediately_executable,,
326,P4__split_cifar10__sym20__R1__small_loss_pre__s1,recipe,training,split_cifar10,sym20,small_loss_pre,pre_update,1,immediately_executable,,
327,P4__split_cifar10__sym20__R1__small_loss_pre__s2,recipe,training,split_cifar10,sym20,small_loss_pre,pre_update,2,immediately_executable,,
328,P4__split_cifar10__sym20__R1__small_loss_pre__s3,recipe,training,split_cifar10,sym20,small_loss_pre,pre_update,3,immediately_executable,,
329,P4__split_cifar10__sym20__R1__small_loss_pre__s4,recipe,training,split_cifar10,sym20,small_loss_pre,pre_update,4,immediately_executable,,
330,P4__split_cifar10__sym20__R1__confidence_pre__s0,recipe,training,split_cifar10,sym20,confidence_pre,pre_update,0,immediately_executable,,
331,P4__split_cifar10__sym20__R1__confidence_pre__s1,recipe,training,split_cifar10,sym20,confidence_pre,pre_update,1,immediately_executable,,
332,P4__split_cifar10__sym20__R1__confidence_pre__s2,recipe,training,split_cifar10,sym20,confidence_pre,pre_update,2,immediately_executable,,
333,P4__split_cifar10__sym20__R1__confidence_pre__s3,recipe,training,split_cifar10,sym20,confidence_pre,pre_update,3,immediately_executable,,
334,P4__split_cifar10__sym20__R1__confidence_pre__s4,recipe,training,split_cifar10,sym20,confidence_pre,pre_update,4,immediately_executable,,
335,P4__split_cifar10__sym20__R1__oracle_clean_admission__s0,recipe,training,split_cifar10,sym20,oracle_clean_admission,none_or_oracle,0,blocked_undefined_semantics,,Unknown scoring mode: none_or_oracle
336,P4__split_cifar10__sym20__R1__oracle_clean_admission__s1,recipe,training,split_cifar10,sym20,oracle_clean_admission,none_or_oracle,1,blocked_undefined_semantics,,Unknown scoring mode: none_or_oracle
337,P4__split_cifar10__sym20__R1__oracle_clean_admission__s2,recipe,training,split_cifar10,sym20,oracle_clean_admission,none_or_oracle,2,blocked_undefined_semantics,,Unknown scoring mode: none_or_oracle
338,P4__split_cifar10__sym20__R1__oracle_clean_admission__s3,recipe,training,split_cifar10,sym20,oracle_clean_admission,none_or_oracle,3,blocked_undefined_semantics,,Unknown scoring mode: none_or_oracle
339,P4__split_cifar10__sym20__R1__oracle_clean_admission__s4,recipe,training,split_cifar10,sym20,oracle_clean_admission,none_or_oracle,4,blocked_undefined_semantics,,Unknown scoring mode: none_or_oracle
340,P4__split_cifar10__sym60__R1__er__s0,recipe,training,split_cifar10,sym60,er,none_or_oracle,0,blocked_undefined_semantics,,Unknown scoring mode: none_or_oracle
341,P4__split_cifar10__sym60__R1__er__s1,recipe,training,split_cifar10,sym60,er,none_or_oracle,1,blocked_undefined_semantics,,Unknown scoring mode: none_or_oracle
342,P4__split_cifar10__sym60__R1__er__s2,recipe,training,split_cifar10,sym60,er,none_or_oracle,2,blocked_undefined_semantics,,Unknown scoring mode: none_or_oracle
343,P4__split_cifar10__sym60__R1__er__s3,recipe,training,split_cifar10,sym60,er,none_or_oracle,3,blocked_undefined_semantics,,Unknown scoring mode: none_or_oracle
344,P4__split_cifar10__sym60__R1__er__s4,recipe,training,split_cifar10,sym60,er,none_or_oracle,4,blocked_undefined_semantics,,Unknown scoring mode: none_or_oracle
345,P4__split_cifar10__sym60__R1__small_loss_pre__s0,recipe,training,split_cifar10,sym60,small_loss_pre,pre_update,0,immediately_executable,,
346,P4__split_cifar10__sym60__R1__small_loss_pre__s1,recipe,training,split_cifar10,sym60,small_loss_pre,pre_update,1,immediately_executable,,
347,P4__split_cifar10__sym60__R1__small_loss_pre__s2,recipe,training,split_cifar10,sym60,small_loss_pre,pre_update,2,immediately_executable,,
348,P4__split_cifar10__sym60__R1__small_loss_pre__s3,recipe,training,split_cifar10,sym60,small_loss_pre,pre_update,3,immediately_executable,,
349,P4__split_cifar10__sym60__R1__small_loss_pre__s4,recipe,training,split_cifar10,sym60,small_loss_pre,pre_update,4,immediately_executable,,
350,P4__split_cifar10__sym60__R1__confidence_pre__s0,recipe,training,split_cifar10,sym60,confidence_pre,pre_update,0,immediately_executable,,
351,P4__split_cifar10__sym60__R1__confidence_pre__s1,recipe,training,split_cifar10,sym60,confidence_pre,pre_update,1,immediately_executable,,
352,P4__split_cifar10__sym60__R1__confidence_pre__s2,recipe,training,split_cifar10,sym60,confidence_pre,pre_update,2,immediately_executable,,
353,P4__split_cifar10__sym60__R1__confidence_pre__s3,recipe,training,split_cifar10,sym60,confidence_pre,pre_update,3,immediately_executable,,
354,P4__split_cifar10__sym60__R1__confidence_pre__s4,recipe,training,split_cifar10,sym60,confidence_pre,pre_update,4,immediately_executable,,
355,P4__split_cifar10__sym60__R1__oracle_clean_admission__s0,recipe,training,split_cifar10,sym60,oracle_clean_admission,none_or_oracle,0,blocked_undefined_semantics,,Unknown scoring mode: none_or_oracle
356,P4__split_cifar10__sym60__R1__oracle_clean_admission__s1,recipe,training,split_cifar10,sym60,oracle_clean_admission,none_or_oracle,1,blocked_undefined_semantics,,Unknown scoring mode: none_or_oracle
357,P4__split_cifar10__sym60__R1__oracle_clean_admission__s2,recipe,training,split_cifar10,sym60,oracle_clean_admission,none_or_oracle,2,blocked_undefined_semantics,,Unknown scoring mode: none_or_oracle
358,P4__split_cifar10__sym60__R1__oracle_clean_admission__s3,recipe,training,split_cifar10,sym60,oracle_clean_admission,none_or_oracle,3,blocked_undefined_semantics,,Unknown scoring mode: none_or_oracle
359,P4__split_cifar10__sym60__R1__oracle_clean_admission__s4,recipe,training,split_cifar10,sym60,oracle_clean_admission,none_or_oracle,4,blocked_undefined_semantics,,Unknown scoring mode: none_or_oracle
360,P4__seq_cifar10__sym20__R1__er__s0,recipe,training,seq_cifar10,sym20,er,none_or_oracle,0,blocked_undefined_semantics,,Unknown scoring mode: none_or_oracle
361,P4__seq_cifar10__sym20__R1__er__s1,recipe,training,seq_cifar10,sym20,er,none_or_oracle,1,blocked_undefined_semantics,,Unknown scoring mode: none_or_oracle
362,P4__seq_cifar10__sym20__R1__er__s2,recipe,training,seq_cifar10,sym20,er,none_or_oracle,2,blocked_undefined_semantics,,Unknown scoring mode: none_or_oracle
363,P4__seq_cifar10__sym20__R1__er__s3,recipe,training,seq_cifar10,sym20,er,none_or_oracle,3,blocked_undefined_semantics,,Unknown scoring mode: none_or_oracle
364,P4__seq_cifar10__sym20__R1__er__s4,recipe,training,seq_cifar10,sym20,er,none_or_oracle,4,blocked_undefined_semantics,,Unknown scoring mode: none_or_oracle
365,P4__seq_cifar10__sym20__R1__small_loss_pre__s0,recipe,training,seq_cifar10,sym20,small_loss_pre,pre_update,0,immediately_executable,,
366,P4__seq_cifar10__sym20__R1__small_loss_pre__s1,recipe,training,seq_cifar10,sym20,small_loss_pre,pre_update,1,immediately_executable,,
367,P4__seq_cifar10__sym20__R1__small_loss_pre__s2,recipe,training,seq_cifar10,sym20,small_loss_pre,pre_update,2,immediately_executable,,
368,P4__seq_cifar10__sym20__R1__small_loss_pre__s3,recipe,training,seq_cifar10,sym20,small_loss_pre,pre_update,3,immediately_executable,,
369,P4__seq_cifar10__sym20__R1__small_loss_pre__s4,recipe,training,seq_cifar10,sym20,small_loss_pre,pre_update,4,immediately_executable,,
370,P4__seq_cifar10__sym20__R1__confidence_pre__s0,recipe,training,seq_cifar10,sym20,confidence_pre,pre_update,0,immediately_executable,,
371,P4__seq_cifar10__sym20__R1__confidence_pre__s1,recipe,training,seq_cifar10,sym20,confidence_pre,pre_update,1,immediately_executable,,
372,P4__seq_cifar10__sym20__R1__confidence_pre__s2,recipe,training,seq_cifar10,sym20,confidence_pre,pre_update,2,immediately_executable,,
373,P4__seq_cifar10__sym20__R1__confidence_pre__s3,recipe,training,seq_cifar10,sym20,confidence_pre,pre_update,3,immediately_executable,,
374,P4__seq_cifar10__sym20__R1__confidence_pre__s4,recipe,training,seq_cifar10,sym20,confidence_pre,pre_update,4,immediately_executable,,
375,P4__seq_cifar10__sym20__R1__oracle_clean_admission__s0,recipe,training,seq_cifar10,sym20,oracle_clean_admission,none_or_oracle,0,blocked_undefined_semantics,,Unknown scoring mode: none_or_oracle
376,P4__seq_cifar10__sym20__R1__oracle_clean_admission__s1,recipe,training,seq_cifar10,sym20,oracle_clean_admission,none_or_oracle,1,blocked_undefined_semantics,,Unknown scoring mode: none_or_oracle
377,P4__seq_cifar10__sym20__R1__oracle_clean_admission__s2,recipe,training,seq_cifar10,sym20,oracle_clean_admission,none_or_oracle,2,blocked_undefined_semantics,,Unknown scoring mode: none_or_oracle
378,P4__seq_cifar10__sym20__R1__oracle_clean_admission__s3,recipe,training,seq_cifar10,sym20,oracle_clean_admission,none_or_oracle,3,blocked_undefined_semantics,,Unknown scoring mode: none_or_oracle
379,P4__seq_cifar10__sym20__R1__oracle_clean_admission__s4,recipe,training,seq_cifar10,sym20,oracle_clean_admission,none_or_oracle,4,blocked_undefined_semantics,,Unknown scoring mode: none_or_oracle
380,P4__seq_cifar10__sym60__R1__er__s0,recipe,training,seq_cifar10,sym60,er,none_or_oracle,0,blocked_undefined_semantics,,Unknown scoring mode: none_or_oracle
381,P4__seq_cifar10__sym60__R1__er__s1,recipe,training,seq_cifar10,sym60,er,none_or_oracle,1,blocked_undefined_semantics,,Unknown scoring mode: none_or_oracle
382,P4__seq_cifar10__sym60__R1__er__s2,recipe,training,seq_cifar10,sym60,er,none_or_oracle,2,blocked_undefined_semantics,,Unknown scoring mode: none_or_oracle
383,P4__seq_cifar10__sym60__R1__er__s3,recipe,training,seq_cifar10,sym60,er,none_or_oracle,3,blocked_undefined_semantics,,Unknown scoring mode: none_or_oracle
384,P4__seq_cifar10__sym60__R1__er__s4,recipe,training,seq_cifar10,sym60,er,none_or_oracle,4,blocked_undefined_semantics,,Unknown scoring mode: none_or_oracle
385,P4__seq_cifar10__sym60__R1__small_loss_pre__s0,recipe,training,seq_cifar10,sym60,small_loss_pre,pre_update,0,immediately_executable,,
386,P4__seq_cifar10__sym60__R1__small_loss_pre__s1,recipe,training,seq_cifar10,sym60,small_loss_pre,pre_update,1,immediately_executable,,
387,P4__seq_cifar10__sym60__R1__small_loss_pre__s2,recipe,training,seq_cifar10,sym60,small_loss_pre,pre_update,2,immediately_executable,,
388,P4__seq_cifar10__sym60__R1__small_loss_pre__s3,recipe,training,seq_cifar10,sym60,small_loss_pre,pre_update,3,immediately_executable,,
389,P4__seq_cifar10__sym60__R1__small_loss_pre__s4,recipe,training,seq_cifar10,sym60,small_loss_pre,pre_update,4,immediately_executable,,
390,P4__seq_cifar10__sym60__R1__confidence_pre__s0,recipe,training,seq_cifar10,sym60,confidence_pre,pre_update,0,immediately_executable,,
391,P4__seq_cifar10__sym60__R1__confidence_pre__s1,recipe,training,seq_cifar10,sym60,confidence_pre,pre_update,1,immediately_executable,,
392,P4__seq_cifar10__sym60__R1__confidence_pre__s2,recipe,training,seq_cifar10,sym60,confidence_pre,pre_update,2,immediately_executable,,
393,P4__seq_cifar10__sym60__R1__confidence_pre__s3,recipe,training,seq_cifar10,sym60,confidence_pre,pre_update,3,immediately_executable,,
394,P4__seq_cifar10__sym60__R1__confidence_pre__s4,recipe,training,seq_cifar10,sym60,confidence_pre,pre_update,4,immediately_executable,,
395,P4__seq_cifar10__sym60__R1__oracle_clean_admission__s0,recipe,training,seq_cifar10,sym60,oracle_clean_admission,none_or_oracle,0,blocked_undefined_semantics,,Unknown scoring mode: none_or_oracle
396,P4__seq_cifar10__sym60__R1__oracle_clean_admission__s1,recipe,training,seq_cifar10,sym60,oracle_clean_admission,none_or_oracle,1,blocked_undefined_semantics,,Unknown scoring mode: none_or_oracle
397,P4__seq_cifar10__sym60__R1__oracle_clean_admission__s2,recipe,training,seq_cifar10,sym60,oracle_clean_admission,none_or_oracle,2,blocked_undefined_semantics,,Unknown scoring mode: none_or_oracle
398,P4__seq_cifar10__sym60__R1__oracle_clean_admission__s3,recipe,training,seq_cifar10,sym60,oracle_clean_admission,none_or_oracle,3,blocked_undefined_semantics,,Unknown scoring mode: none_or_oracle
399,P4__seq_cifar10__sym60__R1__oracle_clean_admission__s4,recipe,training,seq_cifar10,sym60,oracle_clean_admission,none_or_oracle,4,blocked_undefined_semantics,,Unknown scoring mode: none_or_oracle
400,P4C__split_cifar10__clean__R0__er__s0,recipe,training,split_cifar10,clean,er,,0,blocked_undefined_semantics,,Unknown scoring mode: nan
401,P4C__split_cifar10__clean__R0__er__s1,recipe,training,split_cifar10,clean,er,,1,blocked_undefined_semantics,,Unknown scoring mode: nan
402,P4C__split_cifar10__clean__R0__er__s2,recipe,training,split_cifar10,clean,er,,2,blocked_undefined_semantics,,Unknown scoring mode: nan
403,P4C__split_cifar10__clean__R0__er__s3,recipe,training,split_cifar10,clean,er,,3,blocked_undefined_semantics,,Unknown scoring mode: nan
404,P4C__split_cifar10__clean__R0__er__s4,recipe,training,split_cifar10,clean,er,,4,blocked_undefined_semantics,,Unknown scoring mode: nan
405,P4C__split_cifar10__clean__R1__er__s0,recipe,training,split_cifar10,clean,er,,0,blocked_undefined_semantics,,Unknown scoring mode: nan
406,P4C__split_cifar10__clean__R1__er__s1,recipe,training,split_cifar10,clean,er,,1,blocked_undefined_semantics,,Unknown scoring mode: nan
407,P4C__split_cifar10__clean__R1__er__s2,recipe,training,split_cifar10,clean,er,,2,blocked_undefined_semantics,,Unknown scoring mode: nan
408,P4C__split_cifar10__clean__R1__er__s3,recipe,training,split_cifar10,clean,er,,3,blocked_undefined_semantics,,Unknown scoring mode: nan
409,P4C__split_cifar10__clean__R1__er__s4,recipe,training,split_cifar10,clean,er,,4,blocked_undefined_semantics,,Unknown scoring mode: nan
410,P4C__seq_cifar10__clean__R0__er__s0,recipe,training,seq_cifar10,clean,er,,0,blocked_undefined_semantics,,Unknown scoring mode: nan
411,P4C__seq_cifar10__clean__R0__er__s1,recipe,training,seq_cifar10,clean,er,,1,blocked_undefined_semantics,,Unknown scoring mode: nan
412,P4C__seq_cifar10__clean__R0__er__s2,recipe,training,seq_cifar10,clean,er,,2,blocked_undefined_semantics,,Unknown scoring mode: nan
413,P4C__seq_cifar10__clean__R0__er__s3,recipe,training,seq_cifar10,clean,er,,3,blocked_undefined_semantics,,Unknown scoring mode: nan
414,P4C__seq_cifar10__clean__R0__er__s4,recipe,training,seq_cifar10,clean,er,,4,blocked_undefined_semantics,,Unknown scoring mode: nan
415,P4C__seq_cifar10__clean__R1__er__s0,recipe,training,seq_cifar10,clean,er,,0,blocked_undefined_semantics,,Unknown scoring mode: nan
416,P4C__seq_cifar10__clean__R1__er__s1,recipe,training,seq_cifar10,clean,er,,1,blocked_undefined_semantics,,Unknown scoring mode: nan
417,P4C__seq_cifar10__clean__R1__er__s2,recipe,training,seq_cifar10,clean,er,,2,blocked_undefined_semantics,,Unknown scoring mode: nan
418,P4C__seq_cifar10__clean__R1__er__s3,recipe,training,seq_cifar10,clean,er,,3,blocked_undefined_semantics,,Unknown scoring mode: nan
419,P4C__seq_cifar10__clean__R1__er__s4,recipe,training,seq_cifar10,clean,er,,4,blocked_undefined_semantics,,Unknown scoring mode: nan
420,P8__mammoth_seq_cifar10__sym20__er__s0,aer,training,mammoth_seq_cifar10,sym20,er,,0,blocked_undefined_semantics,,Unknown scoring mode: nan
421,P8__mammoth_seq_cifar10__sym20__er__s1,aer,training,mammoth_seq_cifar10,sym20,er,,1,blocked_undefined_semantics,,Unknown scoring mode: nan
422,P8__mammoth_seq_cifar10__sym20__er__s2,aer,training,mammoth_seq_cifar10,sym20,er,,2,blocked_undefined_semantics,,Unknown scoring mode: nan
423,P8__mammoth_seq_cifar10__asym40__er__s0,aer,training,mammoth_seq_cifar10,asym40,er,,0,blocked_undefined_semantics,,Unknown scoring mode: nan
424,P8__mammoth_seq_cifar10__asym40__er__s1,aer,training,mammoth_seq_cifar10,asym40,er,,1,blocked_undefined_semantics,,Unknown scoring mode: nan
425,P8__mammoth_seq_cifar10__asym40__er__s2,aer,training,mammoth_seq_cifar10,asym40,er,,2,blocked_undefined_semantics,,Unknown scoring mode: nan
426,P8__mammoth_seq_cifar10__sym60__er__s2,aer,training,mammoth_seq_cifar10,sym60,er,,2,blocked_undefined_semantics,,Unknown scoring mode: nan
