dataset,condition,method,metric,mean_diff,sd_diff,s0,s1,s2,s3,s4
split_cifar10,sym20,gate_loss,final_acc,0.0025000000000000356,0.020441624201613762,0.011500000000000066,-0.03539999999999999,0.024900000000000144,0.010700000000000043,0.0007999999999999119
split_cifar10,sym20,gate_loss,buffer_purity,0.009600000000000008,0.035942175782776455,-0.02400000000000002,0.040000000000000036,-0.04200000000000004,0.04800000000000004,0.026000000000000023
split_cifar10,sym20,gate_loss,norm_entropy,0.00039200980623994576,0.0006829144956222473,-0.00010583125128416082,9.869192126998882e-05,9.098850371491718e-05,0.00012848975308588084,0.0017477101044131027
split_cifar10,sym20,gate_loss,var_counts,-4.459999999999999,7.598842017044439,1.3999999999999986,-1.1999999999999993,-1.5999999999999996,-1.3999999999999986,-19.5
split_cifar10,sym20,gate_loss,replay_loss_clean,,,,,,,
split_cifar10,sym20,gate_loss,replay_loss_noisy,,,,,,,
split_cifar10,sym20,gate_conf,final_acc,0.0032200000000000228,0.014282772840033597,-0.008300000000000085,0.029000000000000137,-0.011599999999999944,0.0023000000000000798,0.0046999999999999265
split_cifar10,sym20,gate_conf,buffer_purity,0.007999999999999985,0.01757270610919103,-0.008000000000000007,0.02399999999999991,0.018000000000000016,-0.018000000000000016,0.02400000000000002
split_cifar10,sym20,gate_conf,norm_entropy,-0.007524407630227281,0.005756356148111883,-0.017249566380879378,-0.00011668184412139126,-0.005233510360847959,-0.005168437912836721,-0.009853841652450956
split_cifar10,sym20,gate_conf,var_counts,85.16,68.54098336032244,202.59999999999997,-3.6999999999999886,57.0,62.5,107.39999999999998
split_cifar10,sym20,gate_conf,replay_loss_clean,,,,,,,
split_cifar10,sym20,gate_conf,replay_loss_noisy,,,,,,,
split_cifar10,sym60,gate_loss,final_acc,-0.004640000000000022,0.016146281305613377,0.02189999999999992,-0.028400000000000092,-0.0014999999999999458,-0.005700000000000038,-0.009499999999999953
split_cifar10,sym60,gate_loss,buffer_purity,0.0032000000000000028,0.015727682601070013,0.028000000000000025,0.014000000000000012,-0.0040000000000000036,-0.016000000000000014,-0.006000000000000005
split_cifar10,sym60,gate_loss,norm_entropy,0.0007359879992226093,0.0019197948551128185,-4.20321385442568e-05,0.003724674630511293,0.001871625023404877,-0.00193765195215867,6.332443289980283e-05
split_cifar10,sym60,gate_loss,var_counts,-9.120000000000001,23.566875058013107,0.5999999999999996,-47.00000000000001,-21.299999999999997,23.0,-0.8999999999999986
split_cifar10,sym60,gate_loss,replay_loss_clean,,,,,,,
split_cifar10,sym60,gate_loss,replay_loss_noisy,,,,,,,
split_cifar10,sym60,gate_conf,final_acc,-0.010399999999999987,0.016389264779116872,-0.0014999999999999458,-0.010100000000000053,-0.03860000000000002,0.011100000000000054,-0.012899999999999967
split_cifar10,sym60,gate_conf,buffer_purity,0.02680000000000001,0.028498421008890995,0.04600000000000004,-0.02799999999999997,0.03200000000000003,0.05199999999999999,0.03199999999999997
split_cifar10,sym60,gate_conf,norm_entropy,0.0010011105044788193,0.008603083308655488,0.00999137639953318,0.0028087644258751876,-0.015363087830930766,0.004944853718604869,0.0026236458093116255
split_cifar10,sym60,gate_conf,var_counts,-12.459999999999996,103.44700285653519,-118.6,-36.10000000000001,185.3,-57.9,-35.0
split_cifar10,sym60,gate_conf,replay_loss_clean,,,,,,,
split_cifar10,sym60,gate_conf,replay_loss_noisy,,,,,,,
seq_cifar10,sym20,gate_loss,final_acc,-0.002279999999999971,0.028857886270480707,-0.0019999999999999463,0.01059999999999997,0.004600000000000021,-0.05559999999999993,0.031000000000000028
seq_cifar10,sym20,gate_loss,buffer_purity,0.0040000000000000036,0.0052153619241621235,0.006000000000000005,-0.0040000000000000036,0.008000000000000007,0.0,0.010000000000000009
seq_cifar10,sym20,gate_loss,norm_entropy,-0.0021305691114162696,0.006537254528096089,-0.006355940310290964,-0.0017549660148897805,-0.002103043492569734,0.009485656918798435,-0.009924552658129304
seq_cifar10,sym20,gate_loss,var_counts,22.42000000000001,81.31355114616504,78.70000000000002,16.099999999999994,17.200000000000017,-119.99999999999999,120.1
seq_cifar10,sym20,gate_loss,replay_loss_clean,,,,,,,
seq_cifar10,sym20,gate_loss,replay_loss_noisy,,,,,,,
seq_cifar10,sym20,gate_conf,final_acc,-0.013679999999999987,0.024253527578478155,-0.007599999999999996,-0.021799999999999986,-0.0009999999999999731,0.01720000000000002,-0.0552
seq_cifar10,sym20,gate_conf,buffer_purity,-0.007599999999999984,0.01856448221739562,0.017999999999999905,-0.006000000000000005,-0.005999999999999894,-0.0040000000000000036,-0.039999999999999925
seq_cifar10,sym20,gate_conf,norm_entropy,-0.002441977193737155,0.005327934061265226,0.0029458240411819325,0.0037554345622466956,-0.01022983297688973,-0.0025189212388828652,-0.006162390356341807
seq_cifar10,sym20,gate_conf,var_counts,27.359999999999996,59.45945172972923,-29.900000000000006,-40.60000000000001,118.6,23.39999999999999,65.30000000000001
seq_cifar10,sym20,gate_conf,replay_loss_clean,,,,,,,
seq_cifar10,sym20,gate_conf,replay_loss_noisy,,,,,,,
seq_cifar10,sym60,gate_loss,final_acc,-0.0008800000000000141,0.015231336119986325,-0.02300000000000002,-0.011800000000000005,0.014800000000000008,-0.0010000000000000286,0.016599999999999976
seq_cifar10,sym60,gate_loss,buffer_purity,0.017600000000000015,0.05458791074954232,-0.03399999999999992,0.09799999999999998,-0.04999999999999999,0.021999999999999964,0.052000000000000046
seq_cifar10,sym60,gate_loss,norm_entropy,-0.02079462827446743,0.01331956609630594,-0.005443753958332964,-0.038826475048968856,-0.010698886018193798,-0.014581228241839606,-0.03442279810500193
seq_cifar10,sym60,gate_loss,var_counts,267.5,219.0571067096432,25.0,565.7,112.80000000000001,139.0,495.0
seq_cifar10,sym60,gate_loss,replay_loss_clean,,,,,,,
seq_cifar10,sym60,gate_loss,replay_loss_noisy,,,,,,,
seq_cifar10,sym60,gate_conf,final_acc,-0.002400000000000002,0.010335182630219935,-0.004200000000000009,0.004999999999999977,0.0030000000000000027,0.006000000000000005,-0.021799999999999986
seq_cifar10,sym60,gate_conf,buffer_purity,0.005999999999999983,0.025830214865540685,-0.006000000000000005,0.035999999999999976,-0.03799999999999998,0.01599999999999996,0.021999999999999964
seq_cifar10,sym60,gate_conf,norm_entropy,0.006829621316921419,0.017312478445613504,0.0005003620611696569,0.02786063759065005,-0.0002579881938137296,0.024667691957703686,-0.018622596831102567
seq_cifar10,sym60,gate_conf,var_counts,-69.86,180.75780038493497,-15.0,-292.59999999999997,6.0,-248.3,200.59999999999997
seq_cifar10,sym60,gate_conf,replay_loss_clean,,,,,,,
seq_cifar10,sym60,gate_conf,replay_loss_noisy,,,,,,,
