frozen_cell_id,dataset,condition,protocol_method,runner_method,scoring_mode,seed,max_train_per_task,raw_json_path,manifest_path,execution_group,status
P2__split_cifar10__sym20__small_loss__pre_update__s0,split_cifar10,sym20,small_loss,gate_loss,pre_update,0,2500,C:\work\reliability-gated-replay\results\revision_round1\pre_update_validation\raw_logs\split_cifar10__sym20__gate_loss__pre_update__seed0.json,C:\work\reliability-gated-replay\results\revision_round1\pre_update_validation\experiment_manifest.csv,validation,complete
P2__seq_cifar10__sym20__confidence__pre_update__s0,seq_cifar10,sym20,confidence,gate_conf,pre_update,0,2500,C:\work\reliability-gated-replay\results\revision_round1\tranche5_pre_update\raw_logs\seq_cifar10__sym20__gate_conf__pre_update__seed0.json,C:\work\reliability-gated-replay\results\revision_round1\tranche5_pre_update\experiment_manifest.csv,tranche5,complete
P2__seq_cifar10__sym20__confidence__pre_update__s1,seq_cifar10,sym20,confidence,gate_conf,pre_update,1,2500,C:\work\reliability-gated-replay\results\revision_round1\tranche5_pre_update\raw_logs\seq_cifar10__sym20__gate_conf__pre_update__seed1.json,C:\work\reliability-gated-replay\results\revision_round1\tranche5_pre_update\experiment_manifest.csv,tranche5,complete
P2__seq_cifar10__sym20__confidence__pre_update__s2,seq_cifar10,sym20,confidence,gate_conf,pre_update,2,2500,C:\work\reliability-gated-replay\results\revision_round1\tranche5_pre_update\raw_logs\seq_cifar10__sym20__gate_conf__pre_update__seed2.json,C:\work\reliability-gated-replay\results\revision_round1\tranche5_pre_update\experiment_manifest.csv,tranche5,complete
P2__seq_cifar10__sym20__confidence__pre_update__s3,seq_cifar10,sym20,confidence,gate_conf,pre_update,3,2500,C:\work\reliability-gated-replay\results\revision_round1\tranche5_pre_update\raw_logs\seq_cifar10__sym20__gate_conf__pre_update__seed3.json,C:\work\reliability-gated-replay\results\revision_round1\tranche5_pre_update\experiment_manifest.csv,tranche5,complete
P2__seq_cifar10__sym20__confidence__pre_update__s4,seq_cifar10,sym20,confidence,gate_conf,pre_update,4,2500,C:\work\reliability-gated-replay\results\revision_round1\tranche5_pre_update\raw_logs\seq_cifar10__sym20__gate_conf__pre_update__seed4.json,C:\work\reliability-gated-replay\results\revision_round1\tranche5_pre_update\experiment_manifest.csv,tranche5,complete
P2__seq_cifar10__sym20__small_loss__pre_update__s0,seq_cifar10,sym20,small_loss,gate_loss,pre_update,0,2500,C:\work\reliability-gated-replay\results\revision_round1\tranche5_pre_update\raw_logs\seq_cifar10__sym20__gate_loss__pre_update__seed0.json,C:\work\reliability-gated-replay\results\revision_round1\tranche5_pre_update\experiment_manifest.csv,tranche5,complete
P2__seq_cifar10__sym20__small_loss__pre_update__s1,seq_cifar10,sym20,small_loss,gate_loss,pre_update,1,2500,C:\work\reliability-gated-replay\results\revision_round1\tranche5_pre_update\raw_logs\seq_cifar10__sym20__gate_loss__pre_update__seed1.json,C:\work\reliability-gated-replay\results\revision_round1\tranche5_pre_update\experiment_manifest.csv,tranche5,complete
P2__seq_cifar10__sym20__small_loss__pre_update__s2,seq_cifar10,sym20,small_loss,gate_loss,pre_update,2,2500,C:\work\reliability-gated-replay\results\revision_round1\tranche5_pre_update\raw_logs\seq_cifar10__sym20__gate_loss__pre_update__seed2.json,C:\work\reliability-gated-replay\results\revision_round1\tranche5_pre_update\experiment_manifest.csv,tranche5,complete
P2__seq_cifar10__sym20__small_loss__pre_update__s3,seq_cifar10,sym20,small_loss,gate_loss,pre_update,3,2500,C:\work\reliability-gated-replay\results\revision_round1\tranche5_pre_update\raw_logs\seq_cifar10__sym20__gate_loss__pre_update__seed3.json,C:\work\reliability-gated-replay\results\revision_round1\tranche5_pre_update\experiment_manifest.csv,tranche5,complete
P2__seq_cifar10__sym20__small_loss__pre_update__s4,seq_cifar10,sym20,small_loss,gate_loss,pre_update,4,2500,C:\work\reliability-gated-replay\results\revision_round1\tranche5_pre_update\raw_logs\seq_cifar10__sym20__gate_loss__pre_update__seed4.json,C:\work\reliability-gated-replay\results\revision_round1\tranche5_pre_update\experiment_manifest.csv,tranche5,complete
P2__seq_cifar10__sym60__confidence__pre_update__s0,seq_cifar10,sym60,confidence,gate_conf,pre_update,0,2500,C:\work\reliability-gated-replay\results\revision_round1\tranche5_pre_update\raw_logs\seq_cifar10__sym60__gate_conf__pre_update__seed0.json,C:\work\reliability-gated-replay\results\revision_round1\tranche5_pre_update\experiment_manifest.csv,tranche5,complete
P2__seq_cifar10__sym60__confidence__pre_update__s1,seq_cifar10,sym60,confidence,gate_conf,pre_update,1,2500,C:\work\reliability-gated-replay\results\revision_round1\tranche5_pre_update\raw_logs\seq_cifar10__sym60__gate_conf__pre_update__seed1.json,C:\work\reliability-gated-replay\results\revision_round1\tranche5_pre_update\experiment_manifest.csv,tranche5,complete
P2__seq_cifar10__sym60__confidence__pre_update__s2,seq_cifar10,sym60,confidence,gate_conf,pre_update,2,2500,C:\work\reliability-gated-replay\results\revision_round1\tranche5_pre_update\raw_logs\seq_cifar10__sym60__gate_conf__pre_update__seed2.json,C:\work\reliability-gated-replay\results\revision_round1\tranche5_pre_update\experiment_manifest.csv,tranche5,complete
P2__seq_cifar10__sym60__confidence__pre_update__s3,seq_cifar10,sym60,confidence,gate_conf,pre_update,3,2500,C:\work\reliability-gated-replay\results\revision_round1\tranche5_pre_update\raw_logs\seq_cifar10__sym60__gate_conf__pre_update__seed3.json,C:\work\reliability-gated-replay\results\revision_round1\tranche5_pre_update\experiment_manifest.csv,tranche5,complete
P2__seq_cifar10__sym60__confidence__pre_update__s4,seq_cifar10,sym60,confidence,gate_conf,pre_update,4,2500,C:\work\reliability-gated-replay\results\revision_round1\tranche5_pre_update\raw_logs\seq_cifar10__sym60__gate_conf__pre_update__seed4.json,C:\work\reliability-gated-replay\results\revision_round1\tranche5_pre_update\experiment_manifest.csv,tranche5,complete
P2__seq_cifar10__sym60__small_loss__pre_update__s0,seq_cifar10,sym60,small_loss,gate_loss,pre_update,0,2500,C:\work\reliability-gated-replay\results\revision_round1\tranche5_pre_update\raw_logs\seq_cifar10__sym60__gate_loss__pre_update__seed0.json,C:\work\reliability-gated-replay\results\revision_round1\tranche5_pre_update\experiment_manifest.csv,tranche5,complete
P2__seq_cifar10__sym60__small_loss__pre_update__s1,seq_cifar10,sym60,small_loss,gate_loss,pre_update,1,2500,C:\work\reliability-gated-replay\results\revision_round1\tranche5_pre_update\raw_logs\seq_cifar10__sym60__gate_loss__pre_update__seed1.json,C:\work\reliability-gated-replay\results\revision_round1\tranche5_pre_update\experiment_manifest.csv,tranche5,complete
P2__seq_cifar10__sym60__small_loss__pre_update__s2,seq_cifar10,sym60,small_loss,gate_loss,pre_update,2,2500,C:\work\reliability-gated-replay\results\revision_round1\tranche5_pre_update\raw_logs\seq_cifar10__sym60__gate_loss__pre_update__seed2.json,C:\work\reliability-gated-replay\results\revision_round1\tranche5_pre_update\experiment_manifest.csv,tranche5,complete
P2__seq_cifar10__sym60__small_loss__pre_update__s3,seq_cifar10,sym60,small_loss,gate_loss,pre_update,3,2500,C:\work\reliability-gated-replay\results\revision_round1\tranche5_pre_update\raw_logs\seq_cifar10__sym60__gate_loss__pre_update__seed3.json,C:\work\reliability-gated-replay\results\revision_round1\tranche5_pre_update\experiment_manifest.csv,tranche5,complete
P2__seq_cifar10__sym60__small_loss__pre_update__s4,seq_cifar10,sym60,small_loss,gate_loss,pre_update,4,2500,C:\work\reliability-gated-replay\results\revision_round1\tranche5_pre_update\raw_logs\seq_cifar10__sym60__gate_loss__pre_update__seed4.json,C:\work\reliability-gated-replay\results\revision_round1\tranche5_pre_update\experiment_manifest.csv,tranche5,complete
P2__split_cifar10__sym20__confidence__pre_update__s0,split_cifar10,sym20,confidence,gate_conf,pre_update,0,2500,C:\work\reliability-gated-replay\results\revision_round1\tranche5_pre_update\raw_logs\split_cifar10__sym20__gate_conf__pre_update__seed0.json,C:\work\reliability-gated-replay\results\revision_round1\tranche5_pre_update\experiment_manifest.csv,tranche5,complete
P2__split_cifar10__sym20__confidence__pre_update__s1,split_cifar10,sym20,confidence,gate_conf,pre_update,1,2500,C:\work\reliability-gated-replay\results\revision_round1\tranche5_pre_update\raw_logs\split_cifar10__sym20__gate_conf__pre_update__seed1.json,C:\work\reliability-gated-replay\results\revision_round1\tranche5_pre_update\experiment_manifest.csv,tranche5,complete
P2__split_cifar10__sym20__confidence__pre_update__s2,split_cifar10,sym20,confidence,gate_conf,pre_update,2,2500,C:\work\reliability-gated-replay\results\revision_round1\tranche5_pre_update\raw_logs\split_cifar10__sym20__gate_conf__pre_update__seed2.json,C:\work\reliability-gated-replay\results\revision_round1\tranche5_pre_update\experiment_manifest.csv,tranche5,complete
P2__split_cifar10__sym20__confidence__pre_update__s3,split_cifar10,sym20,confidence,gate_conf,pre_update,3,2500,C:\work\reliability-gated-replay\results\revision_round1\tranche5_pre_update\raw_logs\split_cifar10__sym20__gate_conf__pre_update__seed3.json,C:\work\reliability-gated-replay\results\revision_round1\tranche5_pre_update\experiment_manifest.csv,tranche5,complete
P2__split_cifar10__sym20__confidence__pre_update__s4,split_cifar10,sym20,confidence,gate_conf,pre_update,4,2500,C:\work\reliability-gated-replay\results\revision_round1\tranche5_pre_update\raw_logs\split_cifar10__sym20__gate_conf__pre_update__seed4.json,C:\work\reliability-gated-replay\results\revision_round1\tranche5_pre_update\experiment_manifest.csv,tranche5,complete
P2__split_cifar10__sym20__small_loss__pre_update__s1,split_cifar10,sym20,small_loss,gate_loss,pre_update,1,2500,C:\work\reliability-gated-replay\results\revision_round1\tranche5_pre_update\raw_logs\split_cifar10__sym20__gate_loss__pre_update__seed1.json,C:\work\reliability-gated-replay\results\revision_round1\tranche5_pre_update\experiment_manifest.csv,tranche5,complete
P2__split_cifar10__sym20__small_loss__pre_update__s2,split_cifar10,sym20,small_loss,gate_loss,pre_update,2,2500,C:\work\reliability-gated-replay\results\revision_round1\tranche5_pre_update\raw_logs\split_cifar10__sym20__gate_loss__pre_update__seed2.json,C:\work\reliability-gated-replay\results\revision_round1\tranche5_pre_update\experiment_manifest.csv,tranche5,complete
P2__split_cifar10__sym20__small_loss__pre_update__s3,split_cifar10,sym20,small_loss,gate_loss,pre_update,3,2500,C:\work\reliability-gated-replay\results\revision_round1\tranche5_pre_update\raw_logs\split_cifar10__sym20__gate_loss__pre_update__seed3.json,C:\work\reliability-gated-replay\results\revision_round1\tranche5_pre_update\experiment_manifest.csv,tranche5,complete
P2__split_cifar10__sym20__small_loss__pre_update__s4,split_cifar10,sym20,small_loss,gate_loss,pre_update,4,2500,C:\work\reliability-gated-replay\results\revision_round1\tranche5_pre_update\raw_logs\split_cifar10__sym20__gate_loss__pre_update__seed4.json,C:\work\reliability-gated-replay\results\revision_round1\tranche5_pre_update\experiment_manifest.csv,tranche5,complete
P2__split_cifar10__sym60__confidence__pre_update__s0,split_cifar10,sym60,confidence,gate_conf,pre_update,0,2500,C:\work\reliability-gated-replay\results\revision_round1\tranche5_pre_update\raw_logs\split_cifar10__sym60__gate_conf__pre_update__seed0.json,C:\work\reliability-gated-replay\results\revision_round1\tranche5_pre_update\experiment_manifest.csv,tranche5,complete
P2__split_cifar10__sym60__confidence__pre_update__s1,split_cifar10,sym60,confidence,gate_conf,pre_update,1,2500,C:\work\reliability-gated-replay\results\revision_round1\tranche5_pre_update\raw_logs\split_cifar10__sym60__gate_conf__pre_update__seed1.json,C:\work\reliability-gated-replay\results\revision_round1\tranche5_pre_update\experiment_manifest.csv,tranche5,complete
P2__split_cifar10__sym60__confidence__pre_update__s2,split_cifar10,sym60,confidence,gate_conf,pre_update,2,2500,C:\work\reliability-gated-replay\results\revision_round1\tranche5_pre_update\raw_logs\split_cifar10__sym60__gate_conf__pre_update__seed2.json,C:\work\reliability-gated-replay\results\revision_round1\tranche5_pre_update\experiment_manifest.csv,tranche5,complete
P2__split_cifar10__sym60__confidence__pre_update__s3,split_cifar10,sym60,confidence,gate_conf,pre_update,3,2500,C:\work\reliability-gated-replay\results\revision_round1\tranche5_pre_update\raw_logs\split_cifar10__sym60__gate_conf__pre_update__seed3.json,C:\work\reliability-gated-replay\results\revision_round1\tranche5_pre_update\experiment_manifest.csv,tranche5,complete
P2__split_cifar10__sym60__confidence__pre_update__s4,split_cifar10,sym60,confidence,gate_conf,pre_update,4,2500,C:\work\reliability-gated-replay\results\revision_round1\tranche5_pre_update\raw_logs\split_cifar10__sym60__gate_conf__pre_update__seed4.json,C:\work\reliability-gated-replay\results\revision_round1\tranche5_pre_update\experiment_manifest.csv,tranche5,complete
P2__split_cifar10__sym60__small_loss__pre_update__s0,split_cifar10,sym60,small_loss,gate_loss,pre_update,0,2500,C:\work\reliability-gated-replay\results\revision_round1\tranche5_pre_update\raw_logs\split_cifar10__sym60__gate_loss__pre_update__seed0.json,C:\work\reliability-gated-replay\results\revision_round1\tranche5_pre_update\experiment_manifest.csv,tranche5,complete
P2__split_cifar10__sym60__small_loss__pre_update__s1,split_cifar10,sym60,small_loss,gate_loss,pre_update,1,2500,C:\work\reliability-gated-replay\results\revision_round1\tranche5_pre_update\raw_logs\split_cifar10__sym60__gate_loss__pre_update__seed1.json,C:\work\reliability-gated-replay\results\revision_round1\tranche5_pre_update\experiment_manifest.csv,tranche5,complete
P2__split_cifar10__sym60__small_loss__pre_update__s2,split_cifar10,sym60,small_loss,gate_loss,pre_update,2,2500,C:\work\reliability-gated-replay\results\revision_round1\tranche5_pre_update\raw_logs\split_cifar10__sym60__gate_loss__pre_update__seed2.json,C:\work\reliability-gated-replay\results\revision_round1\tranche5_pre_update\experiment_manifest.csv,tranche5,complete
P2__split_cifar10__sym60__small_loss__pre_update__s3,split_cifar10,sym60,small_loss,gate_loss,pre_update,3,2500,C:\work\reliability-gated-replay\results\revision_round1\tranche5_pre_update\raw_logs\split_cifar10__sym60__gate_loss__pre_update__seed3.json,C:\work\reliability-gated-replay\results\revision_round1\tranche5_pre_update\experiment_manifest.csv,tranche5,complete
P2__split_cifar10__sym60__small_loss__pre_update__s4,split_cifar10,sym60,small_loss,gate_loss,pre_update,4,2500,C:\work\reliability-gated-replay\results\revision_round1\tranche5_pre_update\raw_logs\split_cifar10__sym60__gate_loss__pre_update__seed4.json,C:\work\reliability-gated-replay\results\revision_round1\tranche5_pre_update\experiment_manifest.csv,tranche5,complete
