benchmark,noise,r1_method,r0_method_label,comparison_status,rationale,n_pairs,r1_scoring_mode,r0_scoring_mode,r1_mean_final_average_accuracy,r0_mean_final_average_accuracy,mean_paired_delta_r1_minus_r0,bootstrap_ci_low,bootstrap_ci_high,cohens_dz,wilcoxon_exact_two_sided_p,bootstrap_base_seed,bootstrap_seed,bootstrap_reps,excluded_r0_paths
seq_cifar10,clean,er,er,comparable,ER has no admission scoring contrast; exact benchmark/noise/seed/core-data match,5,,post_update,0.1962,0.18511999999999998,0.011080000000000007,-0.02608,0.04280000000000002,0.2551497627707224,0.8125,20260927,9962939834637014696,10000,
seq_cifar10,sym20,confidence_pre,gate_conf,comparable,requires Amendment-001 pre_update scoring; exact benchmark/noise/seed/core-data match,5,pre_update,pre_update,0.19336,0.20576,-0.012400000000000005,-0.020120000000000006,-0.003639999999999993,-1.1794022583457835,0.125,20260927,10223470174873257647,10000,results/revision_round1/tranche3/raw_logs/seq_cifar10__sym20__gate_conf__seed0.json|results/revision_round1/tranche3/raw_logs/seq_cifar10__sym20__gate_conf__seed1.json|results/revision_round1/tranche3/raw_logs/seq_cifar10__sym20__gate_conf__seed2.json|results/revision_round1/tranche3/raw_logs/seq_cifar10__sym20__gate_conf__seed3.json|results/revision_round1/tranche3/raw_logs/seq_cifar10__sym20__gate_conf__seed4.json
seq_cifar10,sym20,confidence_pre,gate_conf,excluded_scoring_timing_mismatch,R0 post_update candidate excluded: it cannot be pooled with R1 pre_update admission,0,pre_update,,,,,,,,,20260927,10223470174873257647,10000,results/revision_round1/tranche3/raw_logs/seq_cifar10__sym20__gate_conf__seed0.json|results/revision_round1/tranche3/raw_logs/seq_cifar10__sym20__gate_conf__seed1.json|results/revision_round1/tranche3/raw_logs/seq_cifar10__sym20__gate_conf__seed2.json|results/revision_round1/tranche3/raw_logs/seq_cifar10__sym20__gate_conf__seed3.json|results/revision_round1/tranche3/raw_logs/seq_cifar10__sym20__gate_conf__seed4.json
seq_cifar10,sym20,er,er,comparable,ER has no admission scoring contrast; exact benchmark/noise/seed/core-data match,5,none_or_oracle,post_update,0.17640000000000003,0.19983999999999996,-0.023439999999999996,-0.03508000000000001,-0.008559999999999995,-1.3428134389372315,0.125,20260927,15283098520644508628,10000,
seq_cifar10,sym20,oracle_clean_admission,oracle,comparable,oracle clean-admission policy; scoring timing is not used; exact benchmark/noise/seed/core-data match,5,none_or_oracle,post_update,0.20612,0.22123999999999996,-0.015119999999999995,-0.04096000000000001,0.009040000000000003,-0.4701614367622396,0.4375,20260927,4772979956279516793,10000,
seq_cifar10,sym20,small_loss_pre,gate_loss,comparable,requires Amendment-001 pre_update scoring; exact benchmark/noise/seed/core-data match,5,pre_update,pre_update,0.1792,0.23580000000000007,-0.056600000000000004,-0.07448000000000002,-0.04008000000000001,-2.5920794430198657,0.0625,20260927,7764618444070739338,10000,results/revision_round1/tranche3/raw_logs/seq_cifar10__sym20__gate_loss__seed0.json|results/revision_round1/tranche3/raw_logs/seq_cifar10__sym20__gate_loss__seed1.json|results/revision_round1/tranche3/raw_logs/seq_cifar10__sym20__gate_loss__seed2.json|results/revision_round1/tranche3/raw_logs/seq_cifar10__sym20__gate_loss__seed3.json|results/revision_round1/tranche3/raw_logs/seq_cifar10__sym20__gate_loss__seed4.json
seq_cifar10,sym20,small_loss_pre,gate_loss,excluded_scoring_timing_mismatch,R0 post_update candidate excluded: it cannot be pooled with R1 pre_update admission,0,pre_update,,,,,,,,,20260927,7764618444070739338,10000,results/revision_round1/tranche3/raw_logs/seq_cifar10__sym20__gate_loss__seed0.json|results/revision_round1/tranche3/raw_logs/seq_cifar10__sym20__gate_loss__seed1.json|results/revision_round1/tranche3/raw_logs/seq_cifar10__sym20__gate_loss__seed2.json|results/revision_round1/tranche3/raw_logs/seq_cifar10__sym20__gate_loss__seed3.json|results/revision_round1/tranche3/raw_logs/seq_cifar10__sym20__gate_loss__seed4.json
seq_cifar10,sym60,confidence_pre,gate_conf,comparable,requires Amendment-001 pre_update scoring; exact benchmark/noise/seed/core-data match,5,pre_update,pre_update,0.14556,0.1418,0.003759999999999991,-0.00520000000000001,0.011080000000000007,0.36780114476619336,0.4375,20260927,2739322728236261120,10000,results/revision_round1/tranche4/raw_logs/seq_cifar10__sym60__gate_conf__seed0.json|results/revision_round1/tranche4/raw_logs/seq_cifar10__sym60__gate_conf__seed1.json|results/revision_round1/tranche4/raw_logs/seq_cifar10__sym60__gate_conf__seed2.json|results/revision_round1/tranche4/raw_logs/seq_cifar10__sym60__gate_conf__seed3.json|results/revision_round1/tranche4/raw_logs/seq_cifar10__sym60__gate_conf__seed4.json
seq_cifar10,sym60,confidence_pre,gate_conf,excluded_scoring_timing_mismatch,R0 post_update candidate excluded: it cannot be pooled with R1 pre_update admission,0,pre_update,,,,,,,,,20260927,2739322728236261120,10000,results/revision_round1/tranche4/raw_logs/seq_cifar10__sym60__gate_conf__seed0.json|results/revision_round1/tranche4/raw_logs/seq_cifar10__sym60__gate_conf__seed1.json|results/revision_round1/tranche4/raw_logs/seq_cifar10__sym60__gate_conf__seed2.json|results/revision_round1/tranche4/raw_logs/seq_cifar10__sym60__gate_conf__seed3.json|results/revision_round1/tranche4/raw_logs/seq_cifar10__sym60__gate_conf__seed4.json
seq_cifar10,sym60,er,er,comparable,ER has no admission scoring contrast; exact benchmark/noise/seed/core-data match,5,none_or_oracle,post_update,0.16016,0.13984,0.020319999999999998,0.01472000000000001,0.025160000000000005,2.974373463005084,0.0625,20260927,17920811227321438509,10000,
seq_cifar10,sym60,oracle_clean_admission,oracle,comparable,oracle clean-admission policy; scoring timing is not used; exact benchmark/noise/seed/core-data match,5,none_or_oracle,post_update,0.20260000000000003,0.20116,0.0014399999999999801,-0.026760000000000023,0.02935999999999999,0.03952126462946499,1.0,20260927,2005958460219317249,10000,
seq_cifar10,sym60,small_loss_pre,gate_loss,comparable,requires Amendment-001 pre_update scoring; exact benchmark/noise/seed/core-data match,5,pre_update,pre_update,0.11792,0.16960000000000003,-0.05167999999999999,-0.06795999999999999,-0.03775999999999998,-2.7175470341272585,0.0625,20260927,15975799558303697127,10000,results/revision_round1/tranche4/raw_logs/seq_cifar10__sym60__gate_loss__seed0.json|results/revision_round1/tranche4/raw_logs/seq_cifar10__sym60__gate_loss__seed1.json|results/revision_round1/tranche4/raw_logs/seq_cifar10__sym60__gate_loss__seed2.json|results/revision_round1/tranche4/raw_logs/seq_cifar10__sym60__gate_loss__seed3.json|results/revision_round1/tranche4/raw_logs/seq_cifar10__sym60__gate_loss__seed4.json
seq_cifar10,sym60,small_loss_pre,gate_loss,excluded_scoring_timing_mismatch,R0 post_update candidate excluded: it cannot be pooled with R1 pre_update admission,0,pre_update,,,,,,,,,20260927,15975799558303697127,10000,results/revision_round1/tranche4/raw_logs/seq_cifar10__sym60__gate_loss__seed0.json|results/revision_round1/tranche4/raw_logs/seq_cifar10__sym60__gate_loss__seed1.json|results/revision_round1/tranche4/raw_logs/seq_cifar10__sym60__gate_loss__seed2.json|results/revision_round1/tranche4/raw_logs/seq_cifar10__sym60__gate_loss__seed3.json|results/revision_round1/tranche4/raw_logs/seq_cifar10__sym60__gate_loss__seed4.json
split_cifar10,clean,er,er,comparable,ER has no admission scoring contrast; exact benchmark/noise/seed/core-data match,5,,post_update,0.8217200000000002,0.81698,0.004740000000000011,-0.004040000000000021,0.01506000000000005,0.3931099718505754,0.625,20260927,17200774986249519341,10000,
split_cifar10,sym20,confidence_pre,gate_conf,comparable,requires Amendment-001 pre_update scoring; exact benchmark/noise/seed/core-data match,5,pre_update,pre_update,0.6939,0.6740799999999999,0.019819999999999994,-0.011019999999999985,0.05065999999999997,0.4959982635260389,0.4375,20260927,7303502425808307642,10000,results/revision_round1/tranche1/raw_logs/split_cifar10__sym20__gate_conf__seed0.json|results/revision_round1/tranche1/raw_logs/split_cifar10__sym20__gate_conf__seed1.json|results/revision_round1/tranche1/raw_logs/split_cifar10__sym20__gate_conf__seed2.json|results/revision_round1/tranche1/raw_logs/split_cifar10__sym20__gate_conf__seed3.json|results/revision_round1/tranche1/raw_logs/split_cifar10__sym20__gate_conf__seed4.json
split_cifar10,sym20,confidence_pre,gate_conf,excluded_scoring_timing_mismatch,R0 post_update candidate excluded: it cannot be pooled with R1 pre_update admission,0,pre_update,,,,,,,,,20260927,7303502425808307642,10000,results/revision_round1/tranche1/raw_logs/split_cifar10__sym20__gate_conf__seed0.json|results/revision_round1/tranche1/raw_logs/split_cifar10__sym20__gate_conf__seed1.json|results/revision_round1/tranche1/raw_logs/split_cifar10__sym20__gate_conf__seed2.json|results/revision_round1/tranche1/raw_logs/split_cifar10__sym20__gate_conf__seed3.json|results/revision_round1/tranche1/raw_logs/split_cifar10__sym20__gate_conf__seed4.json
split_cifar10,sym20,er,er,comparable,ER has no admission scoring contrast; exact benchmark/noise/seed/core-data match,5,none_or_oracle,post_update,0.70862,0.663,0.04561999999999997,0.02365999999999995,0.06993999999999993,1.4996910406957702,0.0625,20260927,3034024348466821030,10000,
split_cifar10,sym20,oracle_clean_admission,oracle,comparable,oracle clean-admission policy; scoring timing is not used; exact benchmark/noise/seed/core-data match,5,none_or_oracle,post_update,0.7855200000000002,0.75922,0.02629999999999997,0.0024599999999999956,0.04911999999999998,0.8830476647444783,0.125,20260927,12957931145691481048,10000,
split_cifar10,sym20,small_loss_pre,gate_loss,comparable,requires Amendment-001 pre_update scoring; exact benchmark/noise/seed/core-data match,5,pre_update,pre_update,0.7380599999999999,0.7102400000000001,0.027819999999999956,0.00743999999999998,0.041979999999999976,1.2285859985636876,0.125,20260927,9987669950979024888,10000,results/revision_round1/tranche1/raw_logs/split_cifar10__sym20__gate_loss__seed0.json|results/revision_round1/tranche1/raw_logs/split_cifar10__sym20__gate_loss__seed1.json|results/revision_round1/tranche1/raw_logs/split_cifar10__sym20__gate_loss__seed2.json|results/revision_round1/tranche1/raw_logs/split_cifar10__sym20__gate_loss__seed3.json|results/revision_round1/tranche1/raw_logs/split_cifar10__sym20__gate_loss__seed4.json
split_cifar10,sym20,small_loss_pre,gate_loss,excluded_scoring_timing_mismatch,R0 post_update candidate excluded: it cannot be pooled with R1 pre_update admission,0,pre_update,,,,,,,,,20260927,9987669950979024888,10000,results/revision_round1/tranche1/raw_logs/split_cifar10__sym20__gate_loss__seed0.json|results/revision_round1/tranche1/raw_logs/split_cifar10__sym20__gate_loss__seed1.json|results/revision_round1/tranche1/raw_logs/split_cifar10__sym20__gate_loss__seed2.json|results/revision_round1/tranche1/raw_logs/split_cifar10__sym20__gate_loss__seed3.json|results/revision_round1/tranche1/raw_logs/split_cifar10__sym20__gate_loss__seed4.json
split_cifar10,sym60,confidence_pre,gate_conf,comparable,requires Amendment-001 pre_update scoring; exact benchmark/noise/seed/core-data match,5,pre_update,pre_update,0.39266,0.45082000000000005,-0.05816000000000001,-0.08873999999999999,-0.028280000000000007,-1.483035182797824,0.0625,20260927,17233032367133686332,10000,results/revision_round1/tranche2/raw_logs/split_cifar10__sym60__gate_conf__seed0.json|results/revision_round1/tranche2/raw_logs/split_cifar10__sym60__gate_conf__seed1.json|results/revision_round1/tranche2/raw_logs/split_cifar10__sym60__gate_conf__seed2.json|results/revision_round1/tranche2/raw_logs/split_cifar10__sym60__gate_conf__seed3.json|results/revision_round1/tranche2/raw_logs/split_cifar10__sym60__gate_conf__seed4.json
split_cifar10,sym60,confidence_pre,gate_conf,excluded_scoring_timing_mismatch,R0 post_update candidate excluded: it cannot be pooled with R1 pre_update admission,0,pre_update,,,,,,,,,20260927,17233032367133686332,10000,results/revision_round1/tranche2/raw_logs/split_cifar10__sym60__gate_conf__seed0.json|results/revision_round1/tranche2/raw_logs/split_cifar10__sym60__gate_conf__seed1.json|results/revision_round1/tranche2/raw_logs/split_cifar10__sym60__gate_conf__seed2.json|results/revision_round1/tranche2/raw_logs/split_cifar10__sym60__gate_conf__seed3.json|results/revision_round1/tranche2/raw_logs/split_cifar10__sym60__gate_conf__seed4.json
split_cifar10,sym60,er,er,comparable,ER has no admission scoring contrast; exact benchmark/noise/seed/core-data match,5,none_or_oracle,post_update,0.44571999999999995,0.44695999999999997,-0.0012400000000000189,-0.024606500000000014,0.022279999999999956,-0.04201391597144274,1.0,20260927,12761594790352112698,10000,
split_cifar10,sym60,oracle_clean_admission,oracle,comparable,oracle clean-admission policy; scoring timing is not used; exact benchmark/noise/seed/core-data match,5,none_or_oracle,post_update,0.69192,0.6425599999999999,0.04936000000000005,0.023500000000000097,0.07554000000000002,1.4375752556073604,0.0625,20260927,14818648488682814887,10000,
split_cifar10,sym60,small_loss_pre,gate_loss,comparable,requires Amendment-001 pre_update scoring; exact benchmark/noise/seed/core-data match,5,pre_update,pre_update,0.40684000000000003,0.43642000000000003,-0.029579999999999985,-0.04515999999999999,-0.00239999999999998,-0.983290398127623,0.125,20260927,1265830106636915562,10000,results/revision_round1/tranche2/raw_logs/split_cifar10__sym60__gate_loss__seed0.json|results/revision_round1/tranche2/raw_logs/split_cifar10__sym60__gate_loss__seed1.json|results/revision_round1/tranche2/raw_logs/split_cifar10__sym60__gate_loss__seed2.json|results/revision_round1/tranche2/raw_logs/split_cifar10__sym60__gate_loss__seed3.json|results/revision_round1/tranche2/raw_logs/split_cifar10__sym60__gate_loss__seed4.json
split_cifar10,sym60,small_loss_pre,gate_loss,excluded_scoring_timing_mismatch,R0 post_update candidate excluded: it cannot be pooled with R1 pre_update admission,0,pre_update,,,,,,,,,20260927,1265830106636915562,10000,results/revision_round1/tranche2/raw_logs/split_cifar10__sym60__gate_loss__seed0.json|results/revision_round1/tranche2/raw_logs/split_cifar10__sym60__gate_loss__seed1.json|results/revision_round1/tranche2/raw_logs/split_cifar10__sym60__gate_loss__seed2.json|results/revision_round1/tranche2/raw_logs/split_cifar10__sym60__gate_loss__seed3.json|results/revision_round1/tranche2/raw_logs/split_cifar10__sym60__gate_loss__seed4.json
