benchmark,noise,method,n_seeds,final_average_accuracy_mean,final_average_accuracy_sd,buffer_purity_mean,buffer_purity_sd,normalized_class_entropy_mean,normalized_class_entropy_sd,class_count_variance_mean,class_count_variance_sd
seq_cifar10,clean,er,5,0.1962,0.02604726473163738,1.0,0.0,0.996679862699606,0.0016635911982283982,38.839999999999996,19.81585224006275
seq_cifar10,sym20,confidence_pre,5,0.19336,0.021175174143321714,0.82,0.0232808934536456,0.9784701310051274,0.006248244035384381,264.08,80.4987701769412
seq_cifar10,sym20,er,5,0.17640000000000003,0.011378049041905203,0.8048,0.015006665185843234,0.9960750011187856,0.0010708358139147253,44.92,12.22096559196531
seq_cifar10,sym20,oracle_clean_admission,5,0.20612,0.022427929017187483,1.0,0.0,0.9955200925072308,0.0019587563194296796,50.35999999999999,21.64412160379811
seq_cifar10,sym20,small_loss_pre,5,0.1792,0.011930632841555391,0.9423999999999999,0.022018174311236576,0.8517932301380149,0.09636752683886712,1796.44,1149.639155561431
seq_cifar10,sym60,confidence_pre,5,0.14556,0.013977410346698712,0.39799999999999996,0.02293468988235943,0.9952086354988857,0.0036337652505481887,55.839999999999996,43.99008979304316
seq_cifar10,sym60,er,5,0.16016,0.008102345339468063,0.402,0.02222611077089286,0.9952930181296701,0.00155318915735385,53.52,16.492179965062228
seq_cifar10,sym60,oracle_clean_admission,5,0.20260000000000003,0.0174183810958424,1.0,0.0,0.9960052917114484,0.002841610433306053,45.519999999999996,31.97142474147813
seq_cifar10,sym60,small_loss_pre,5,0.11792,0.01501905456411954,0.4324,0.04104631530356897,0.34239845934455504,0.055070015997628056,11124.48,2262.9883720425964
split_cifar10,clean,er,5,0.8217200000000002,0.009324537522043676,1.0,0.0,0.996679862699606,0.0016635911982283982,38.839999999999996,19.81585224006275
split_cifar10,sym20,confidence_pre,5,0.6939,0.03652807139721449,0.8123999999999999,0.022689204481426816,0.9603977532154092,0.022434433610447,504.08000000000004,316.90546224386856
split_cifar10,sym20,er,5,0.70862,0.024760997556641306,0.8048,0.015006665185843234,0.9970495360915503,0.0006156667278769885,33.28,6.167008999506973
split_cifar10,sym20,oracle_clean_admission,5,0.7855200000000002,0.019131570766667307,1.0,0.0,0.9955200925072308,0.0019587563194296796,50.35999999999999,21.64412160379811
split_cifar10,sym20,small_loss_pre,5,0.7380599999999999,0.020048391456672966,0.8552,0.028199290771223285,0.9932023817636046,0.0021681259405177396,77.16,23.745062644684687
split_cifar10,sym60,confidence_pre,5,0.39266,0.03086037912923301,0.3976,0.020366639388961546,0.9908900203925762,0.008001013722162697,109.63999999999999,98.32541889053918
split_cifar10,sym60,er,5,0.44571999999999995,0.018990576610519224,0.402,0.02222611077089286,0.9964013643177662,0.0014146132488487857,40.64,15.894275699131432
split_cifar10,sym60,oracle_clean_admission,5,0.69192,0.023478649876004357,1.0,0.0,0.9960052917114484,0.002841610433306053,45.519999999999996,31.97142474147813
split_cifar10,sym60,small_loss_pre,5,0.40684000000000003,0.013262088824917431,0.39799999999999996,0.026229754097207996,0.9938643230336106,0.0038283072084094294,68.88,42.755256986714514
