benchmark,noise,contrast,outcome,bootstrap_base_seed,bootstrap_rng_seed,bootstrap_reps,n_pairs,mean_paired_delta,bootstrap_ci_low,bootstrap_ci_high,cohens_dz,wilcoxon_exact_two_sided_p,wilcoxon_nonzero_pairs
split_cifar10,sym20,small_loss_pre - er,final_average_accuracy,20260926,12083491811289004123,10000,5,0.02944,0.0042800000000000615,0.05763999999999989,0.8734739915958901,0.125,5
split_cifar10,sym20,confidence_pre - er,final_average_accuracy,20260926,7529209405233927000,10000,5,-0.01472,-0.028259999999999886,0.0007400000000000295,-0.8076679260440903,0.1875,5
split_cifar10,sym20,oracle_clean_admission - er,final_average_accuracy,20260926,10076614611428393909,10000,5,0.07690000000000004,0.05498000000000014,0.09537999999999998,2.999470007447048,0.0625,5
split_cifar10,sym60,small_loss_pre - er,final_average_accuracy,20260926,14559065307937677650,10000,5,-0.03887999999999997,-0.05657999999999994,-0.023899999999999998,-1.9064848673145736,0.0625,5
split_cifar10,sym60,confidence_pre - er,final_average_accuracy,20260926,17509227463371085825,10000,5,-0.053059999999999996,-0.07391999999999999,-0.032200000000000006,-2.0108758820268444,0.0625,5
split_cifar10,sym60,oracle_clean_admission - er,final_average_accuracy,20260926,88078844886378751,10000,5,0.24620000000000006,0.22514000000000006,0.2649800000000001,9.153554913807845,0.0625,5
seq_cifar10,sym20,small_loss_pre - er,final_average_accuracy,20260926,17862363534206458323,10000,5,0.0028000000000000026,-0.015439999999999999,0.017519999999999997,0.13576246279552748,0.8125,5
seq_cifar10,sym20,confidence_pre - er,final_average_accuracy,20260926,7382587737528117254,10000,5,0.016959999999999996,-0.00020000000000000573,0.03112000000000001,0.8740549641038152,0.1875,5
seq_cifar10,sym20,oracle_clean_admission - er,final_average_accuracy,20260926,14184057052136870808,10000,5,0.029719999999999996,0.007800000000000001,0.05128000000000001,1.0488012488632112,0.125,5
seq_cifar10,sym60,small_loss_pre - er,final_average_accuracy,20260926,16088899759504041266,10000,5,-0.04223999999999999,-0.05224000000000001,-0.03076,-2.9688524732635058,0.0625,5
seq_cifar10,sym60,confidence_pre - er,final_average_accuracy,20260926,10012015497724041062,10000,5,-0.014600000000000007,-0.03087999999999999,-0.000280000000000008,-0.7534988350046025,0.1875,5
seq_cifar10,sym60,oracle_clean_admission - er,final_average_accuracy,20260926,12384548923089023786,10000,5,0.04243999999999999,0.025000000000000015,0.054842999999999954,2.1449449376038325,0.0625,5
