run_id,benchmark,noise,method,scoring_mode,seed,final_average_accuracy,buffer_purity,normalized_class_entropy,class_count_variance,source_raw_log,all_required_values_finite,optional_nonfinite_fields,recipe_sha256
P4C__seq_cifar10__clean__R1__er__s0,seq_cifar10,clean,er,,0,0.175,1.0,0.9982902050598355,19.6,results/revision_round1/tranche10_r1/raw_logs/P4C__seq_cifar10__clean__R1__er__s0.json,True,cleanliness_calibration.mislabeled.mean_confidence|cleanliness_calibration.mislabeled.ece|buffer_diagnostics.replay_loss_noisy,f073654d4fc7be059486bbc73a788a0a61c3e80966a5912448b5cfa715002979
P4C__seq_cifar10__clean__R1__er__s1,seq_cifar10,clean,er,,1,0.23420000000000002,1.0,0.9982232151236867,21.0,results/revision_round1/tranche10_r1/raw_logs/P4C__seq_cifar10__clean__R1__er__s1.json,True,cleanliness_calibration.mislabeled.mean_confidence|cleanliness_calibration.mislabeled.ece|buffer_diagnostics.replay_loss_noisy,f073654d4fc7be059486bbc73a788a0a61c3e80966a5912448b5cfa715002979
P4C__seq_cifar10__clean__R1__er__s2,seq_cifar10,clean,er,,2,0.2112,1.0,0.9960315955075845,46.2,results/revision_round1/tranche10_r1/raw_logs/P4C__seq_cifar10__clean__R1__er__s2.json,True,cleanliness_calibration.mislabeled.mean_confidence|cleanliness_calibration.mislabeled.ece|buffer_diagnostics.replay_loss_noisy,f073654d4fc7be059486bbc73a788a0a61c3e80966a5912448b5cfa715002979
P4C__seq_cifar10__clean__R1__er__s3,seq_cifar10,clean,er,,3,0.1736,1.0,0.9965532415761299,39.8,results/revision_round1/tranche10_r1/raw_logs/P4C__seq_cifar10__clean__R1__er__s3.json,True,cleanliness_calibration.mislabeled.mean_confidence|cleanliness_calibration.mislabeled.ece|buffer_diagnostics.replay_loss_noisy,f073654d4fc7be059486bbc73a788a0a61c3e80966a5912448b5cfa715002979
P4C__seq_cifar10__clean__R1__er__s4,seq_cifar10,clean,er,,4,0.187,1.0,0.9943010562307933,67.6,results/revision_round1/tranche10_r1/raw_logs/P4C__seq_cifar10__clean__R1__er__s4.json,True,cleanliness_calibration.mislabeled.mean_confidence|cleanliness_calibration.mislabeled.ece|buffer_diagnostics.replay_loss_noisy,f073654d4fc7be059486bbc73a788a0a61c3e80966a5912448b5cfa715002979
P4__seq_cifar10__sym20__R1__confidence_pre__s0,seq_cifar10,sym20,confidence_pre,pre_update,0,0.192,0.846,0.9698464139876732,371.2,results/revision_round1/tranche10_r1/raw_logs/P4__seq_cifar10__sym20__R1__confidence_pre__s0.json,True,,f073654d4fc7be059486bbc73a788a0a61c3e80966a5912448b5cfa715002979
P4__seq_cifar10__sym20__R1__confidence_pre__s1,seq_cifar10,sym20,confidence_pre,pre_update,1,0.1792,0.824,0.9772208773208209,290.2,results/revision_round1/tranche10_r1/raw_logs/P4__seq_cifar10__sym20__R1__confidence_pre__s1.json,True,,f073654d4fc7be059486bbc73a788a0a61c3e80966a5912448b5cfa715002979
P4__seq_cifar10__sym20__R1__confidence_pre__s2,seq_cifar10,sym20,confidence_pre,pre_update,2,0.191,0.788,0.9774582650248396,267.6,results/revision_round1/tranche10_r1/raw_logs/P4__seq_cifar10__sym20__R1__confidence_pre__s2.json,True,,f073654d4fc7be059486bbc73a788a0a61c3e80966a5912448b5cfa715002979
P4__seq_cifar10__sym20__R1__confidence_pre__s3,seq_cifar10,sym20,confidence_pre,pre_update,3,0.229,0.836,0.9807526936074754,242.6,results/revision_round1/tranche10_r1/raw_logs/P4__seq_cifar10__sym20__R1__confidence_pre__s3.json,True,,f073654d4fc7be059486bbc73a788a0a61c3e80966a5912448b5cfa715002979
P4__seq_cifar10__sym20__R1__confidence_pre__s4,seq_cifar10,sym20,confidence_pre,pre_update,4,0.17559999999999998,0.806,0.9870724050848276,148.8,results/revision_round1/tranche10_r1/raw_logs/P4__seq_cifar10__sym20__R1__confidence_pre__s4.json,True,,f073654d4fc7be059486bbc73a788a0a61c3e80966a5912448b5cfa715002979
P4__seq_cifar10__sym20__R1__er__s0,seq_cifar10,sym20,er,none_or_oracle,0,0.16920000000000002,0.812,0.9959809363146636,45.2,results/revision_round1/tranche10_r1/raw_logs/P4__seq_cifar10__sym20__R1__er__s0.json,True,,f073654d4fc7be059486bbc73a788a0a61c3e80966a5912448b5cfa715002979
P4__seq_cifar10__sym20__R1__er__s1,seq_cifar10,sym20,er,none_or_oracle,1,0.19,0.824,0.9976808801275111,28.0,results/revision_round1/tranche10_r1/raw_logs/P4__seq_cifar10__sym20__R1__er__s1.json,True,,f073654d4fc7be059486bbc73a788a0a61c3e80966a5912448b5cfa715002979
P4__seq_cifar10__sym20__R1__er__s2,seq_cifar10,sym20,er,none_or_oracle,2,0.16820000000000002,0.808,0.9952252327873109,53.6,results/revision_round1/tranche10_r1/raw_logs/P4__seq_cifar10__sym20__R1__er__s2.json,True,,f073654d4fc7be059486bbc73a788a0a61c3e80966a5912448b5cfa715002979
P4__seq_cifar10__sym20__R1__er__s3,seq_cifar10,sym20,er,none_or_oracle,3,0.1876,0.794,0.996471234394697,38.8,results/revision_round1/tranche10_r1/raw_logs/P4__seq_cifar10__sym20__R1__er__s3.json,True,,f073654d4fc7be059486bbc73a788a0a61c3e80966a5912448b5cfa715002979
P4__seq_cifar10__sym20__R1__er__s4,seq_cifar10,sym20,er,none_or_oracle,4,0.16699999999999998,0.786,0.9950167219697454,59.0,results/revision_round1/tranche10_r1/raw_logs/P4__seq_cifar10__sym20__R1__er__s4.json,True,,f073654d4fc7be059486bbc73a788a0a61c3e80966a5912448b5cfa715002979
P4__seq_cifar10__sym20__R1__oracle_clean_admission__s0,seq_cifar10,sym20,oracle_clean_admission,none_or_oracle,0,0.23840000000000003,1.0,0.9966756123975533,37.4,results/revision_round1/tranche10_r1/raw_logs/P4__seq_cifar10__sym20__R1__oracle_clean_admission__s0.json,True,buffer_diagnostics.replay_loss_noisy,f073654d4fc7be059486bbc73a788a0a61c3e80966a5912448b5cfa715002979
P4__seq_cifar10__sym20__R1__oracle_clean_admission__s1,seq_cifar10,sym20,oracle_clean_admission,none_or_oracle,1,0.21319999999999997,1.0,0.9954657524548682,51.2,results/revision_round1/tranche10_r1/raw_logs/P4__seq_cifar10__sym20__R1__oracle_clean_admission__s1.json,True,buffer_diagnostics.replay_loss_noisy,f073654d4fc7be059486bbc73a788a0a61c3e80966a5912448b5cfa715002979
P4__seq_cifar10__sym20__R1__oracle_clean_admission__s2,seq_cifar10,sym20,oracle_clean_admission,none_or_oracle,2,0.19260000000000002,1.0,0.9956143854663829,49.8,results/revision_round1/tranche10_r1/raw_logs/P4__seq_cifar10__sym20__R1__oracle_clean_admission__s2.json,True,buffer_diagnostics.replay_loss_noisy,f073654d4fc7be059486bbc73a788a0a61c3e80966a5912448b5cfa715002979
P4__seq_cifar10__sym20__R1__oracle_clean_admission__s3,seq_cifar10,sym20,oracle_clean_admission,none_or_oracle,3,0.179,1.0,0.99749968587521,28.2,results/revision_round1/tranche10_r1/raw_logs/P4__seq_cifar10__sym20__R1__oracle_clean_admission__s3.json,True,buffer_diagnostics.replay_loss_noisy,f073654d4fc7be059486bbc73a788a0a61c3e80966a5912448b5cfa715002979
P4__seq_cifar10__sym20__R1__oracle_clean_admission__s4,seq_cifar10,sym20,oracle_clean_admission,none_or_oracle,4,0.20739999999999997,1.0,0.9923450263421394,85.2,results/revision_round1/tranche10_r1/raw_logs/P4__seq_cifar10__sym20__R1__oracle_clean_admission__s4.json,True,buffer_diagnostics.replay_loss_noisy,f073654d4fc7be059486bbc73a788a0a61c3e80966a5912448b5cfa715002979
P4__seq_cifar10__sym20__R1__small_loss_pre__s0,seq_cifar10,sym20,small_loss_pre,pre_update,0,0.1828,0.922,0.7072871857103719,3412.4,results/revision_round1/tranche10_r1/raw_logs/P4__seq_cifar10__sym20__R1__small_loss_pre__s0.json,True,,f073654d4fc7be059486bbc73a788a0a61c3e80966a5912448b5cfa715002979
P4__seq_cifar10__sym20__R1__small_loss_pre__s1,seq_cifar10,sym20,small_loss_pre,pre_update,1,0.182,0.954,0.8978009145603524,1037.4,results/revision_round1/tranche10_r1/raw_logs/P4__seq_cifar10__sym20__R1__small_loss_pre__s1.json,True,,f073654d4fc7be059486bbc73a788a0a61c3e80966a5912448b5cfa715002979
P4__seq_cifar10__sym20__R1__small_loss_pre__s2,seq_cifar10,sym20,small_loss_pre,pre_update,2,0.19260000000000002,0.97,0.948201222452764,628.6,results/revision_round1/tranche10_r1/raw_logs/P4__seq_cifar10__sym20__R1__small_loss_pre__s2.json,True,,f073654d4fc7be059486bbc73a788a0a61c3e80966a5912448b5cfa715002979
P4__seq_cifar10__sym20__R1__small_loss_pre__s3,seq_cifar10,sym20,small_loss_pre,pre_update,3,0.16,0.948,0.9020898668219062,1365.8,results/revision_round1/tranche10_r1/raw_logs/P4__seq_cifar10__sym20__R1__small_loss_pre__s3.json,True,,f073654d4fc7be059486bbc73a788a0a61c3e80966a5912448b5cfa715002979
P4__seq_cifar10__sym20__R1__small_loss_pre__s4,seq_cifar10,sym20,small_loss_pre,pre_update,4,0.1786,0.918,0.8035869611446806,2538.0,results/revision_round1/tranche10_r1/raw_logs/P4__seq_cifar10__sym20__R1__small_loss_pre__s4.json,True,,f073654d4fc7be059486bbc73a788a0a61c3e80966a5912448b5cfa715002979
P4__seq_cifar10__sym60__R1__confidence_pre__s0,seq_cifar10,sym60,confidence_pre,pre_update,0,0.1548,0.406,0.9922784401963737,85.0,results/revision_round1/tranche10_r1/raw_logs/P4__seq_cifar10__sym60__R1__confidence_pre__s0.json,True,,f073654d4fc7be059486bbc73a788a0a61c3e80966a5912448b5cfa715002979
P4__seq_cifar10__sym60__R1__confidence_pre__s1,seq_cifar10,sym60,confidence_pre,pre_update,1,0.16240000000000002,0.416,0.9974464634480256,28.8,results/revision_round1/tranche10_r1/raw_logs/P4__seq_cifar10__sym60__R1__confidence_pre__s1.json,True,,f073654d4fc7be059486bbc73a788a0a61c3e80966a5912448b5cfa715002979
P4__seq_cifar10__sym60__R1__confidence_pre__s2,seq_cifar10,sym60,confidence_pre,pre_update,2,0.13319999999999999,0.36,0.9973025635239295,31.0,results/revision_round1/tranche10_r1/raw_logs/P4__seq_cifar10__sym60__R1__confidence_pre__s2.json,True,,f073654d4fc7be059486bbc73a788a0a61c3e80966a5912448b5cfa715002979
P4__seq_cifar10__sym60__R1__confidence_pre__s3,seq_cifar10,sym60,confidence_pre,pre_update,3,0.1478,0.414,0.9903934681849389,118.6,results/revision_round1/tranche10_r1/raw_logs/P4__seq_cifar10__sym60__R1__confidence_pre__s3.json,True,,f073654d4fc7be059486bbc73a788a0a61c3e80966a5912448b5cfa715002979
P4__seq_cifar10__sym60__R1__confidence_pre__s4,seq_cifar10,sym60,confidence_pre,pre_update,4,0.1296,0.394,0.9986222421411609,15.8,results/revision_round1/tranche10_r1/raw_logs/P4__seq_cifar10__sym60__R1__confidence_pre__s4.json,True,,f073654d4fc7be059486bbc73a788a0a61c3e80966a5912448b5cfa715002979
P4__seq_cifar10__sym60__R1__er__s0,seq_cifar10,sym60,er,none_or_oracle,0,0.152,0.402,0.9955782786922982,51.4,results/revision_round1/tranche10_r1/raw_logs/P4__seq_cifar10__sym60__R1__er__s0.json,True,,f073654d4fc7be059486bbc73a788a0a61c3e80966a5912448b5cfa715002979
P4__seq_cifar10__sym60__R1__er__s1,seq_cifar10,sym60,er,none_or_oracle,1,0.16360000000000002,0.428,0.9970337757223601,34.2,results/revision_round1/tranche10_r1/raw_logs/P4__seq_cifar10__sym60__R1__er__s1.json,True,,f073654d4fc7be059486bbc73a788a0a61c3e80966a5912448b5cfa715002979
P4__seq_cifar10__sym60__R1__er__s2,seq_cifar10,sym60,er,none_or_oracle,2,0.16160000000000002,0.42,0.9964735880126133,41.4,results/revision_round1/tranche10_r1/raw_logs/P4__seq_cifar10__sym60__R1__er__s2.json,True,,f073654d4fc7be059486bbc73a788a0a61c3e80966a5912448b5cfa715002979
P4__seq_cifar10__sym60__R1__er__s3,seq_cifar10,sym60,er,none_or_oracle,3,0.1524,0.378,0.9937292650824244,70.0,results/revision_round1/tranche10_r1/raw_logs/P4__seq_cifar10__sym60__R1__er__s3.json,True,,f073654d4fc7be059486bbc73a788a0a61c3e80966a5912448b5cfa715002979
P4__seq_cifar10__sym60__R1__er__s4,seq_cifar10,sym60,er,none_or_oracle,4,0.17119999999999996,0.382,0.9936501831386546,70.6,results/revision_round1/tranche10_r1/raw_logs/P4__seq_cifar10__sym60__R1__er__s4.json,True,,f073654d4fc7be059486bbc73a788a0a61c3e80966a5912448b5cfa715002979
P4__seq_cifar10__sym60__R1__oracle_clean_admission__s0,seq_cifar10,sym60,oracle_clean_admission,none_or_oracle,0,0.1964,1.0,0.9974695863520063,28.8,results/revision_round1/tranche10_r1/raw_logs/P4__seq_cifar10__sym60__R1__oracle_clean_admission__s0.json,True,buffer_diagnostics.replay_loss_noisy,f073654d4fc7be059486bbc73a788a0a61c3e80966a5912448b5cfa715002979
P4__seq_cifar10__sym60__R1__oracle_clean_admission__s1,seq_cifar10,sym60,oracle_clean_admission,none_or_oracle,1,0.22560000000000002,1.0,0.9979418874251128,23.8,results/revision_round1/tranche10_r1/raw_logs/P4__seq_cifar10__sym60__R1__oracle_clean_admission__s1.json,True,buffer_diagnostics.replay_loss_noisy,f073654d4fc7be059486bbc73a788a0a61c3e80966a5912448b5cfa715002979
P4__seq_cifar10__sym60__R1__oracle_clean_admission__s2,seq_cifar10,sym60,oracle_clean_admission,none_or_oracle,2,0.21399999999999997,1.0,0.9972482858737853,31.2,results/revision_round1/tranche10_r1/raw_logs/P4__seq_cifar10__sym60__R1__oracle_clean_admission__s2.json,True,buffer_diagnostics.replay_loss_noisy,f073654d4fc7be059486bbc73a788a0a61c3e80966a5912448b5cfa715002979
P4__seq_cifar10__sym60__R1__oracle_clean_admission__s3,seq_cifar10,sym60,oracle_clean_admission,none_or_oracle,3,0.19619999999999999,1.0,0.9910303726838611,101.4,results/revision_round1/tranche10_r1/raw_logs/P4__seq_cifar10__sym60__R1__oracle_clean_admission__s3.json,True,buffer_diagnostics.replay_loss_noisy,f073654d4fc7be059486bbc73a788a0a61c3e80966a5912448b5cfa715002979
P4__seq_cifar10__sym60__R1__oracle_clean_admission__s4,seq_cifar10,sym60,oracle_clean_admission,none_or_oracle,4,0.18080000000000002,1.0,0.9963363262224757,42.4,results/revision_round1/tranche10_r1/raw_logs/P4__seq_cifar10__sym60__R1__oracle_clean_admission__s4.json,True,buffer_diagnostics.replay_loss_noisy,f073654d4fc7be059486bbc73a788a0a61c3e80966a5912448b5cfa715002979
P4__seq_cifar10__sym60__R1__small_loss_pre__s0,seq_cifar10,sym60,small_loss_pre,pre_update,0,0.1022,0.434,0.28652751140952876,14679.2,results/revision_round1/tranche10_r1/raw_logs/P4__seq_cifar10__sym60__R1__small_loss_pre__s0.json,True,,f073654d4fc7be059486bbc73a788a0a61c3e80966a5912448b5cfa715002979
P4__seq_cifar10__sym60__R1__small_loss_pre__s1,seq_cifar10,sym60,small_loss_pre,pre_update,1,0.10740000000000001,0.398,0.33431582619562056,10661.2,results/revision_round1/tranche10_r1/raw_logs/P4__seq_cifar10__sym60__R1__small_loss_pre__s1.json,True,,f073654d4fc7be059486bbc73a788a0a61c3e80966a5912448b5cfa715002979
P4__seq_cifar10__sym60__R1__small_loss_pre__s2,seq_cifar10,sym60,small_loss_pre,pre_update,2,0.11240000000000001,0.418,0.29796971502881714,11674.6,results/revision_round1/tranche10_r1/raw_logs/P4__seq_cifar10__sym60__R1__small_loss_pre__s2.json,True,,f073654d4fc7be059486bbc73a788a0a61c3e80966a5912448b5cfa715002979
P4__seq_cifar10__sym60__R1__small_loss_pre__s3,seq_cifar10,sym60,small_loss_pre,pre_update,3,0.1316,0.41,0.3731732034973562,9895.6,results/revision_round1/tranche10_r1/raw_logs/P4__seq_cifar10__sym60__R1__small_loss_pre__s3.json,True,,f073654d4fc7be059486bbc73a788a0a61c3e80966a5912448b5cfa715002979
P4__seq_cifar10__sym60__R1__small_loss_pre__s4,seq_cifar10,sym60,small_loss_pre,pre_update,4,0.136,0.502,0.42000604059145247,8711.8,results/revision_round1/tranche10_r1/raw_logs/P4__seq_cifar10__sym60__R1__small_loss_pre__s4.json,True,,f073654d4fc7be059486bbc73a788a0a61c3e80966a5912448b5cfa715002979
P4C__split_cifar10__clean__R1__er__s0,split_cifar10,clean,er,,0,0.8204,1.0,0.9982902050598355,19.6,results/revision_round1/tranche10_r1/raw_logs/P4C__split_cifar10__clean__R1__er__s0.json,True,cleanliness_calibration.mislabeled.mean_confidence|cleanliness_calibration.mislabeled.ece|buffer_diagnostics.replay_loss_noisy,f073654d4fc7be059486bbc73a788a0a61c3e80966a5912448b5cfa715002979
P4C__split_cifar10__clean__R1__er__s1,split_cifar10,clean,er,,1,0.8154,1.0,0.9982232151236867,21.0,results/revision_round1/tranche10_r1/raw_logs/P4C__split_cifar10__clean__R1__er__s1.json,True,cleanliness_calibration.mislabeled.mean_confidence|cleanliness_calibration.mislabeled.ece|buffer_diagnostics.replay_loss_noisy,f073654d4fc7be059486bbc73a788a0a61c3e80966a5912448b5cfa715002979
P4C__split_cifar10__clean__R1__er__s2,split_cifar10,clean,er,,2,0.8134,1.0,0.9960315955075845,46.2,results/revision_round1/tranche10_r1/raw_logs/P4C__split_cifar10__clean__R1__er__s2.json,True,cleanliness_calibration.mislabeled.mean_confidence|cleanliness_calibration.mislabeled.ece|buffer_diagnostics.replay_loss_noisy,f073654d4fc7be059486bbc73a788a0a61c3e80966a5912448b5cfa715002979
P4C__split_cifar10__clean__R1__er__s3,split_cifar10,clean,er,,3,0.8223,1.0,0.9965532415761299,39.8,results/revision_round1/tranche10_r1/raw_logs/P4C__split_cifar10__clean__R1__er__s3.json,True,cleanliness_calibration.mislabeled.mean_confidence|cleanliness_calibration.mislabeled.ece|buffer_diagnostics.replay_loss_noisy,f073654d4fc7be059486bbc73a788a0a61c3e80966a5912448b5cfa715002979
P4C__split_cifar10__clean__R1__er__s4,split_cifar10,clean,er,,4,0.8371000000000001,1.0,0.9943010562307933,67.6,results/revision_round1/tranche10_r1/raw_logs/P4C__split_cifar10__clean__R1__er__s4.json,True,cleanliness_calibration.mislabeled.mean_confidence|cleanliness_calibration.mislabeled.ece|buffer_diagnostics.replay_loss_noisy,f073654d4fc7be059486bbc73a788a0a61c3e80966a5912448b5cfa715002979
P4__split_cifar10__sym20__R1__confidence_pre__s0,split_cifar10,sym20,confidence_pre,pre_update,0,0.6599999999999999,0.774,0.9745750849079833,302.4,results/revision_round1/tranche10_r1/raw_logs/P4__split_cifar10__sym20__R1__confidence_pre__s0.json,True,,f073654d4fc7be059486bbc73a788a0a61c3e80966a5912448b5cfa715002979
P4__split_cifar10__sym20__R1__confidence_pre__s1,split_cifar10,sym20,confidence_pre,pre_update,1,0.7337,0.82,0.978510971552353,248.8,results/revision_round1/tranche10_r1/raw_logs/P4__split_cifar10__sym20__R1__confidence_pre__s1.json,True,,f073654d4fc7be059486bbc73a788a0a61c3e80966a5912448b5cfa715002979
P4__split_cifar10__sym20__R1__confidence_pre__s2,split_cifar10,sym20,confidence_pre,pre_update,2,0.7293999999999999,0.814,0.9769598143171557,270.0,results/revision_round1/tranche10_r1/raw_logs/P4__split_cifar10__sym20__R1__confidence_pre__s2.json,True,,f073654d4fc7be059486bbc73a788a0a61c3e80966a5912448b5cfa715002979
P4__split_cifar10__sym20__R1__confidence_pre__s3,split_cifar10,sym20,confidence_pre,pre_update,3,0.6576000000000001,0.82,0.9330957600681818,883.6,results/revision_round1/tranche10_r1/raw_logs/P4__split_cifar10__sym20__R1__confidence_pre__s3.json,True,,f073654d4fc7be059486bbc73a788a0a61c3e80966a5912448b5cfa715002979
P4__split_cifar10__sym20__R1__confidence_pre__s4,split_cifar10,sym20,confidence_pre,pre_update,4,0.6888,0.834,0.9388471352313718,815.6,results/revision_round1/tranche10_r1/raw_logs/P4__split_cifar10__sym20__R1__confidence_pre__s4.json,True,,f073654d4fc7be059486bbc73a788a0a61c3e80966a5912448b5cfa715002979
P4__split_cifar10__sym20__R1__er__s0,split_cifar10,sym20,er,none_or_oracle,0,0.6815000000000001,0.812,0.996577251183683,37.4,results/revision_round1/tranche10_r1/raw_logs/P4__split_cifar10__sym20__R1__er__s0.json,True,,f073654d4fc7be059486bbc73a788a0a61c3e80966a5912448b5cfa715002979
P4__split_cifar10__sym20__R1__er__s1,split_cifar10,sym20,er,none_or_oracle,1,0.7217999999999999,0.824,0.9978131863912466,26.2,results/revision_round1/tranche10_r1/raw_logs/P4__split_cifar10__sym20__R1__er__s1.json,True,,f073654d4fc7be059486bbc73a788a0a61c3e80966a5912448b5cfa715002979
P4__split_cifar10__sym20__R1__er__s2,split_cifar10,sym20,er,none_or_oracle,2,0.7445999999999999,0.808,0.997091732742585,32.4,results/revision_round1/tranche10_r1/raw_logs/P4__split_cifar10__sym20__R1__er__s2.json,True,,f073654d4fc7be059486bbc73a788a0a61c3e80966a5912448b5cfa715002979
P4__split_cifar10__sym20__R1__er__s3,split_cifar10,sym20,er,none_or_oracle,3,0.6959,0.794,0.9974539620769272,29.0,results/revision_round1/tranche10_r1/raw_logs/P4__split_cifar10__sym20__R1__er__s3.json,True,,f073654d4fc7be059486bbc73a788a0a61c3e80966a5912448b5cfa715002979
P4__split_cifar10__sym20__R1__er__s4,split_cifar10,sym20,er,none_or_oracle,4,0.6993,0.786,0.9963115480633093,41.4,results/revision_round1/tranche10_r1/raw_logs/P4__split_cifar10__sym20__R1__er__s4.json,True,,f073654d4fc7be059486bbc73a788a0a61c3e80966a5912448b5cfa715002979
P4__split_cifar10__sym20__R1__oracle_clean_admission__s0,split_cifar10,sym20,oracle_clean_admission,none_or_oracle,0,0.7812,1.0,0.9966756123975533,37.4,results/revision_round1/tranche10_r1/raw_logs/P4__split_cifar10__sym20__R1__oracle_clean_admission__s0.json,True,buffer_diagnostics.replay_loss_noisy,f073654d4fc7be059486bbc73a788a0a61c3e80966a5912448b5cfa715002979
P4__split_cifar10__sym20__R1__oracle_clean_admission__s1,split_cifar10,sym20,oracle_clean_admission,none_or_oracle,1,0.7593000000000001,1.0,0.9954657524548682,51.2,results/revision_round1/tranche10_r1/raw_logs/P4__split_cifar10__sym20__R1__oracle_clean_admission__s1.json,True,buffer_diagnostics.replay_loss_noisy,f073654d4fc7be059486bbc73a788a0a61c3e80966a5912448b5cfa715002979
P4__split_cifar10__sym20__R1__oracle_clean_admission__s2,split_cifar10,sym20,oracle_clean_admission,none_or_oracle,2,0.8107,1.0,0.9956143854663829,49.8,results/revision_round1/tranche10_r1/raw_logs/P4__split_cifar10__sym20__R1__oracle_clean_admission__s2.json,True,buffer_diagnostics.replay_loss_noisy,f073654d4fc7be059486bbc73a788a0a61c3e80966a5912448b5cfa715002979
P4__split_cifar10__sym20__R1__oracle_clean_admission__s3,split_cifar10,sym20,oracle_clean_admission,none_or_oracle,3,0.7807999999999999,1.0,0.99749968587521,28.2,results/revision_round1/tranche10_r1/raw_logs/P4__split_cifar10__sym20__R1__oracle_clean_admission__s3.json,True,buffer_diagnostics.replay_loss_noisy,f073654d4fc7be059486bbc73a788a0a61c3e80966a5912448b5cfa715002979
P4__split_cifar10__sym20__R1__oracle_clean_admission__s4,split_cifar10,sym20,oracle_clean_admission,none_or_oracle,4,0.7956000000000001,1.0,0.9923450263421394,85.2,results/revision_round1/tranche10_r1/raw_logs/P4__split_cifar10__sym20__R1__oracle_clean_admission__s4.json,True,buffer_diagnostics.replay_loss_noisy,f073654d4fc7be059486bbc73a788a0a61c3e80966a5912448b5cfa715002979
P4__split_cifar10__sym20__R1__small_loss_pre__s0,split_cifar10,sym20,small_loss_pre,pre_update,0,0.7585999999999999,0.862,0.9958234104662403,48.6,results/revision_round1/tranche9_r1_validation/raw_logs/P4__split_cifar10__sym20__R1__small_loss_pre__s0.json,True,,f073654d4fc7be059486bbc73a788a0a61c3e80966a5912448b5cfa715002979
P4__split_cifar10__sym20__R1__small_loss_pre__s1,split_cifar10,sym20,small_loss_pre,pre_update,1,0.7382000000000001,0.864,0.9922798732834565,90.4,results/revision_round1/tranche10_r1/raw_logs/P4__split_cifar10__sym20__R1__small_loss_pre__s1.json,True,,f073654d4fc7be059486bbc73a788a0a61c3e80966a5912448b5cfa715002979
P4__split_cifar10__sym20__R1__small_loss_pre__s2,split_cifar10,sym20,small_loss_pre,pre_update,2,0.7414,0.878,0.9947042249248211,61.8,results/revision_round1/tranche10_r1/raw_logs/P4__split_cifar10__sym20__R1__small_loss_pre__s2.json,True,,f073654d4fc7be059486bbc73a788a0a61c3e80966a5912448b5cfa715002979
P4__split_cifar10__sym20__R1__small_loss_pre__s3,split_cifar10,sym20,small_loss_pre,pre_update,3,0.7470999999999999,0.866,0.9929633707526428,75.8,results/revision_round1/tranche10_r1/raw_logs/P4__split_cifar10__sym20__R1__small_loss_pre__s3.json,True,,f073654d4fc7be059486bbc73a788a0a61c3e80966a5912448b5cfa715002979
P4__split_cifar10__sym20__R1__small_loss_pre__s4,split_cifar10,sym20,small_loss_pre,pre_update,4,0.7050000000000001,0.806,0.9902410293908627,109.2,results/revision_round1/tranche10_r1/raw_logs/P4__split_cifar10__sym20__R1__small_loss_pre__s4.json,True,,f073654d4fc7be059486bbc73a788a0a61c3e80966a5912448b5cfa715002979
P4__split_cifar10__sym60__R1__confidence_pre__s0,split_cifar10,sym60,confidence_pre,pre_update,0,0.35779999999999995,0.402,0.9950090221394295,59.0,results/revision_round1/tranche10_r1/raw_logs/P4__split_cifar10__sym60__R1__confidence_pre__s0.json,True,,f073654d4fc7be059486bbc73a788a0a61c3e80966a5912448b5cfa715002979
P4__split_cifar10__sym60__R1__confidence_pre__s1,split_cifar10,sym60,confidence_pre,pre_update,1,0.433,0.428,0.996104354066707,46.0,results/revision_round1/tranche10_r1/raw_logs/P4__split_cifar10__sym60__R1__confidence_pre__s1.json,True,,f073654d4fc7be059486bbc73a788a0a61c3e80966a5912448b5cfa715002979
P4__split_cifar10__sym60__R1__confidence_pre__s2,split_cifar10,sym60,confidence_pre,pre_update,2,0.4083,0.382,0.994566367090339,62.4,results/revision_round1/tranche10_r1/raw_logs/P4__split_cifar10__sym60__R1__confidence_pre__s2.json,True,,f073654d4fc7be059486bbc73a788a0a61c3e80966a5912448b5cfa715002979
P4__split_cifar10__sym60__R1__confidence_pre__s3,split_cifar10,sym60,confidence_pre,pre_update,3,0.3663,0.376,0.9768430313694058,282.0,results/revision_round1/tranche10_r1/raw_logs/P4__split_cifar10__sym60__R1__confidence_pre__s3.json,True,,f073654d4fc7be059486bbc73a788a0a61c3e80966a5912448b5cfa715002979
P4__split_cifar10__sym60__R1__confidence_pre__s4,split_cifar10,sym60,confidence_pre,pre_update,4,0.3979,0.4,0.991927327297,98.8,results/revision_round1/tranche10_r1/raw_logs/P4__split_cifar10__sym60__R1__confidence_pre__s4.json,True,,f073654d4fc7be059486bbc73a788a0a61c3e80966a5912448b5cfa715002979
P4__split_cifar10__sym60__R1__er__s0,split_cifar10,sym60,er,none_or_oracle,0,0.4337,0.402,0.9956068344328154,48.6,results/revision_round1/tranche10_r1/raw_logs/P4__split_cifar10__sym60__R1__er__s0.json,True,,f073654d4fc7be059486bbc73a788a0a61c3e80966a5912448b5cfa715002979
P4__split_cifar10__sym60__R1__er__s1,split_cifar10,sym60,er,none_or_oracle,1,0.4646,0.428,0.9968705669275729,36.2,results/revision_round1/tranche10_r1/raw_logs/P4__split_cifar10__sym60__R1__er__s1.json,True,,f073654d4fc7be059486bbc73a788a0a61c3e80966a5912448b5cfa715002979
P4__split_cifar10__sym60__R1__er__s2,split_cifar10,sym60,er,none_or_oracle,2,0.46209999999999996,0.42,0.9978847654901363,24.0,results/revision_round1/tranche10_r1/raw_logs/P4__split_cifar10__sym60__R1__er__s2.json,True,,f073654d4fc7be059486bbc73a788a0a61c3e80966a5912448b5cfa715002979
P4__split_cifar10__sym60__R1__er__s3,split_cifar10,sym60,er,none_or_oracle,3,0.4483,0.378,0.9943591036791048,64.0,results/revision_round1/tranche10_r1/raw_logs/P4__split_cifar10__sym60__R1__er__s3.json,True,,f073654d4fc7be059486bbc73a788a0a61c3e80966a5912448b5cfa715002979
P4__split_cifar10__sym60__R1__er__s4,split_cifar10,sym60,er,none_or_oracle,4,0.4199,0.382,0.9972855510592017,30.4,results/revision_round1/tranche10_r1/raw_logs/P4__split_cifar10__sym60__R1__er__s4.json,True,,f073654d4fc7be059486bbc73a788a0a61c3e80966a5912448b5cfa715002979
P4__split_cifar10__sym60__R1__oracle_clean_admission__s0,split_cifar10,sym60,oracle_clean_admission,none_or_oracle,0,0.7107000000000001,1.0,0.9974695863520063,28.8,results/revision_round1/tranche10_r1/raw_logs/P4__split_cifar10__sym60__R1__oracle_clean_admission__s0.json,True,buffer_diagnostics.replay_loss_noisy,f073654d4fc7be059486bbc73a788a0a61c3e80966a5912448b5cfa715002979
P4__split_cifar10__sym60__R1__oracle_clean_admission__s1,split_cifar10,sym60,oracle_clean_admission,none_or_oracle,1,0.7051000000000001,1.0,0.9979418874251128,23.8,results/revision_round1/tranche10_r1/raw_logs/P4__split_cifar10__sym60__R1__oracle_clean_admission__s1.json,True,buffer_diagnostics.replay_loss_noisy,f073654d4fc7be059486bbc73a788a0a61c3e80966a5912448b5cfa715002979
P4__split_cifar10__sym60__R1__oracle_clean_admission__s2,split_cifar10,sym60,oracle_clean_admission,none_or_oracle,2,0.706,1.0,0.9972482858737853,31.2,results/revision_round1/tranche10_r1/raw_logs/P4__split_cifar10__sym60__R1__oracle_clean_admission__s2.json,True,buffer_diagnostics.replay_loss_noisy,f073654d4fc7be059486bbc73a788a0a61c3e80966a5912448b5cfa715002979
P4__split_cifar10__sym60__R1__oracle_clean_admission__s3,split_cifar10,sym60,oracle_clean_admission,none_or_oracle,3,0.6544000000000001,1.0,0.9910303726838611,101.4,results/revision_round1/tranche10_r1/raw_logs/P4__split_cifar10__sym60__R1__oracle_clean_admission__s3.json,True,buffer_diagnostics.replay_loss_noisy,f073654d4fc7be059486bbc73a788a0a61c3e80966a5912448b5cfa715002979
P4__split_cifar10__sym60__R1__oracle_clean_admission__s4,split_cifar10,sym60,oracle_clean_admission,none_or_oracle,4,0.6834,1.0,0.9963363262224757,42.4,results/revision_round1/tranche10_r1/raw_logs/P4__split_cifar10__sym60__R1__oracle_clean_admission__s4.json,True,buffer_diagnostics.replay_loss_noisy,f073654d4fc7be059486bbc73a788a0a61c3e80966a5912448b5cfa715002979
P4__split_cifar10__sym60__R1__small_loss_pre__s0,split_cifar10,sym60,small_loss_pre,pre_update,0,0.40540000000000004,0.368,0.990125398452968,108.4,results/revision_round1/tranche10_r1/raw_logs/P4__split_cifar10__sym60__R1__small_loss_pre__s0.json,True,,f073654d4fc7be059486bbc73a788a0a61c3e80966a5912448b5cfa715002979
P4__split_cifar10__sym60__R1__small_loss_pre__s1,split_cifar10,sym60,small_loss_pre,pre_update,1,0.4284,0.418,0.9951574888334536,54.8,results/revision_round1/tranche10_r1/raw_logs/P4__split_cifar10__sym60__R1__small_loss_pre__s1.json,True,,f073654d4fc7be059486bbc73a788a0a61c3e80966a5912448b5cfa715002979
P4__split_cifar10__sym60__R1__small_loss_pre__s2,split_cifar10,sym60,small_loss_pre,pre_update,2,0.3919,0.372,0.9895863733700001,118.6,results/revision_round1/tranche10_r1/raw_logs/P4__split_cifar10__sym60__R1__small_loss_pre__s2.json,True,,f073654d4fc7be059486bbc73a788a0a61c3e80966a5912448b5cfa715002979
P4__split_cifar10__sym60__R1__small_loss_pre__s3,split_cifar10,sym60,small_loss_pre,pre_update,3,0.4043,0.424,0.998242771711614,20.0,results/revision_round1/tranche10_r1/raw_logs/P4__split_cifar10__sym60__R1__small_loss_pre__s3.json,True,,f073654d4fc7be059486bbc73a788a0a61c3e80966a5912448b5cfa715002979
P4__split_cifar10__sym60__R1__small_loss_pre__s4,split_cifar10,sym60,small_loss_pre,pre_update,4,0.4042,0.408,0.9962095828000174,42.6,results/revision_round1/tranche10_r1/raw_logs/P4__split_cifar10__sym60__R1__small_loss_pre__s4.json,True,,f073654d4fc7be059486bbc73a788a0a61c3e80966a5912448b5cfa715002979
