held_out,n,threshold,roc_auc,balanced_accuracy,sensitivity,specificity,ppv
cifar10n::c10n_aggre,15,0.016175861703631,0.4107142857142857,0.5,1.0,0.0,0.5333333333333333
cifar10n::c10n_worse,15,0.016175861703631,0.6071428571428572,0.6875,1.0,0.375,0.5833333333333334
permuted_mnist::late40,12,0.016175861703631,0.71875,0.6875,0.625,0.75,0.8333333333333334
permuted_mnist::mixed40,12,0.016175861703631,0.78125,0.6875,0.625,0.75,0.8333333333333334
permuted_mnist::rate20,27,0.016175861703631,0.75,0.7663043478260869,0.782608695652174,0.75,0.9473684210526315
permuted_mnist::rate40,38,0.016175861703631,0.9322916666666666,0.8541666666666667,0.875,0.8333333333333334,0.9655172413793104
permuted_mnist::rate40_asym,21,0.016175861703631,0.925,0.7375,0.875,0.6,0.875
permuted_mnist::rate60,38,0.016175861703631,0.8848484848484848,0.8242424242424242,0.8484848484848485,0.8,0.9655172413793104
permuted_mnist::rate60_asym,30,0.016175861703631,0.9107142857142858,0.5,0.0,1.0,
permuted_mnist::rate80,36,0.0166988157580815,0.8368055555555556,0.7708333333333333,0.7916666666666666,0.75,0.8636363636363636
seq_cifar100::sym20,6,0.016175861703631,1.0,0.5,1.0,0.0,0.6666666666666666
seq_cifar100::sym60,6,0.016175861703631,0.625,0.375,0.75,0.0,0.6
seq_cifar10::asym40,10,0.016175861703631,0.19047619047619047,0.42857142857142855,0.0,0.8571428571428571,0.0
seq_cifar10::sym20,10,0.016175861703631,1.0,0.6666666666666666,1.0,0.3333333333333333,0.14285714285714285
seq_cifar10::sym60,10,0.016175861703631,0.4444444444444444,0.2222222222222222,0.4444444444444444,0.0,0.8
split_cifar10::asym40,10,0.016175861703631,0.875,0.8333333333333333,1.0,0.6666666666666666,0.6666666666666666
split_cifar10::sym20,10,0.016175861703631,0.8571428571428571,0.42857142857142855,0.8571428571428571,0.0,0.6666666666666666
split_cifar10::sym60,10,0.016175861703631,0.4375,0.5,0.0,1.0,
split_mnist::late40,12,0.016175861703631,0.6499999999999999,0.8,0.6,1.0,1.0
split_mnist::mixed40,12,0.016175861703631,0.7777777777777778,0.75,0.6666666666666666,0.8333333333333334,0.8
split_mnist::rate20,27,0.016175861703631,0.9166666666666666,0.9375,0.875,1.0,1.0
split_mnist::rate40,38,0.016175861703631,0.9117647058823529,0.8161764705882353,0.8823529411764706,0.75,0.967741935483871
split_mnist::rate40_asym,21,0.016175861703631,0.9473684210526316,0.75,1.0,0.5,0.95
split_mnist::rate60,38,0.016175861703631,0.9393939393939394,0.5,0.0,1.0,
split_mnist::rate60_asym,30,0.016175861703631,0.9627329192546583,0.5,0.0,1.0,
split_mnist::rate80,36,0.016175861703631,0.8235294117647058,0.5,0.0,1.0,
