model,term,estimate,se,p,ci_low,ci_high,n,r2
ordinary,Intercept,0.003042666987743195,0.007299968966297026,0.6769904193733282,-0.011297944133439198,0.017383278108925586,530,0.5495402967063026
ordinary,gate_separation,0.2183736140449199,0.013736328686851521,8.98212589393987e-47,0.1913889311181371,0.2453582969717027,530,0.5495402967063026
ordinary,buffer_purity,-0.0039057426744712196,0.012840692339918644,0.7611190787857189,-0.029130969825940496,0.02131948447699806,530,0.5495402967063026
cluster_robust,Intercept,0.016526272311242842,0.009763440488134828,0.09051850349868203,-0.0026097194107015838,0.03566226403318727,530,0.6277593792976263
cluster_robust,C(regime)[T.inverted],-0.037120071944889,0.008869191217722462,2.8481150369976477e-05,-0.05450336730362397,-0.01973677658615403,530,0.6277593792976263
cluster_robust,C(regime)[T.representation_limited],-0.008694325136134141,0.0065642765070058505,0.18534003107869523,-0.021560070674427997,0.004171420402159714,530,0.6277593792976263
cluster_robust,C(method)[T.gate_coteach],0.003953101722694722,0.03331538810550579,0.9055471591298269,-0.06134385909507073,0.06925006254046018,530,0.6277593792976263
cluster_robust,C(method)[T.gate_loss],0.007681942370045595,0.01041886224234598,0.46093320752305167,-0.012738652384836752,0.028102537124927943,530,0.6277593792976263
cluster_robust,C(method)[T.gate_predstab],-0.0020784292249216236,0.005833547966776282,0.7216241137555246,-0.013511973141889996,0.009355114692046747,530,0.6277593792976263
cluster_robust,C(method)[T.gate_reprstab],0.012730894478703557,0.008001307443981642,0.11158667307605188,-0.002951379940732699,0.028413168898139815,530,0.6277593792976263
cluster_robust,C(method)[T.gate_spr],0.08062747136831516,0.03625344705513612,0.026148805917630073,0.009572020824818686,0.15168292191181165,530,0.6277593792976263
cluster_robust,C(method)[T.gate_teacher],0.016020725749582184,0.005382150365929498,0.002914256933430304,0.0054719048729812945,0.026569546626183074,530,0.6277593792976263
cluster_robust,C(method)[T.replay_adaptive],0.026955524242261785,0.008968776716896186,0.0026515763999431946,0.009377044891763872,0.0445340035927597,530,0.6277593792976263
cluster_robust,C(method)[T.replay_agree],0.030511116995981608,0.018217228088525383,0.09396374630871464,-0.005193993955679599,0.06621622794764281,530,0.6277593792976263
cluster_robust,C(method)[T.replay_early],0.014273439796677927,0.019220399501896464,0.45771219489101256,-0.023397850995510738,0.05194473058886659,530,0.6277593792976263
cluster_robust,C(method)[T.replay_early5],0.020324289148386375,0.010514307072830227,0.05323463279452688,-0.0002833740367556292,0.04093195233352838,530,0.6277593792976263
cluster_robust,C(method)[T.replay_teacher_m95],0.031048503491476028,0.014711038711082912,0.03481030307688957,0.0022153974425789813,0.059881609540373075,530,0.6277593792976263
cluster_robust,gate_separation,0.15500038285362805,0.04332410631563681,0.0003466393032020148,0.0700866948125956,0.2399140708946605,530,0.6277593792976263
cluster_robust,gate_separation:C(regime)[T.inverted],0.07125267207339674,0.08409844628843122,0.3968540437477066,-0.09357725380770464,0.2360825979544981,530,0.6277593792976263
cluster_robust,gate_separation:C(regime)[T.representation_limited],-0.17478996375328013,0.03882333170299507,6.72572375962804e-06,-0.2508822956510025,-0.09869763185555772,530,0.6277593792976263
cluster_robust,buffer_purity,-0.014140400262148356,0.013829492213176881,0.30655305330417704,-0.04124570692445217,0.012964906400155456,530,0.6277593792976263
