cluster,n,mean_residual,sd_residual,mean_abs_residual
cifar10n::c10n_aggre,15,-0.0786419137352144,0.05286750191860719,0.07928296144406669
cifar10n::c10n_worse,15,-0.036242871531705044,0.03578555263707118,0.04141642486378275
permuted_mnist::late40,12,-0.02657802937831229,0.0347647166600496,0.03126828789448286
permuted_mnist::mixed40,12,-0.011878586356870972,0.018605676606700757,0.018909794191898286
permuted_mnist::rate20,27,-0.015844079088332838,0.03201456962174378,0.02947243554684222
permuted_mnist::rate40,38,0.007683788600771673,0.030466542525897176,0.024943888073532698
permuted_mnist::rate40_asym,21,0.003080557121034711,0.029680983905359618,0.02439520359439866
permuted_mnist::rate60,38,0.05177085044427606,0.05371259207551804,0.059869337906416624
permuted_mnist::rate60_asym,30,-0.030874891006123135,0.02886731202194729,0.03563208205129856
permuted_mnist::rate80,36,-0.0013500262438383272,0.040359466299490096,0.033524662726274385
seq_cifar100::sym20,6,0.005392187501116585,0.007154137610316377,0.006667574568544132
seq_cifar100::sym60,6,-0.001042937922489188,0.005285111089408579,0.0035939678260923356
seq_cifar10::asym40,10,-0.006035541773834615,0.028844057573333623,0.020414664800312846
seq_cifar10::sym20,10,-0.004196777979751831,0.010593868179856806,0.008367000824275278
seq_cifar10::sym60,10,0.0076227700064091354,0.013111093076362535,0.010639595093278855
split_cifar10::asym40,10,-0.01807065840418267,0.03494368518674826,0.032049261365361514
split_cifar10::sym20,10,-0.016751810721619513,0.023792913493136458,0.022891584352317855
split_cifar10::sym60,10,0.011031291832403223,0.02051066148539935,0.020186401531826666
split_mnist::late40,12,0.003405439092006354,0.0322814194196819,0.025397200943200814
split_mnist::mixed40,12,-0.0051539479888092115,0.022721661629349136,0.01800133951439457
split_mnist::rate20,27,-0.002391965070639049,0.024106720379423973,0.01943681826387458
split_mnist::rate40,38,0.029477283112626755,0.04880858071823232,0.04405881320534057
split_mnist::rate40_asym,21,0.021972386617992667,0.04505750144072896,0.04225337737880208
split_mnist::rate60,38,-0.01194020691873853,0.04633235280833288,0.037023025262876166
split_mnist::rate60_asym,30,-0.0088340696086871,0.048573556921429464,0.038717630881324856
split_mnist::rate80,36,0.020113639039918422,0.0348924250926562,0.03216811145465012
