run_id,cluster,benchmark,method,gain,gate_separation,dfb_Intercept,dfb_gate_separation,dfb_buffer_purity,cooks_d,standard_resid,hat_diag,dffits_internal,student_resid,dffits
cifar10n__c10n_aggre__gate_loss__seed2,cifar10n::c10n_aggre,cifar10n,gate_loss,-0.07660000000000011,0.5139428646099714,-0.018416008454172073,-0.17909950955882048,-0.009810904931826724,0.03902680042924945,-3.827292999735458,0.007929454941805955,-0.34217013500267435,-3.8779342196873947,-0.3466975942457613
cifar10n__c10n_aggre__gate_coteach__seed0,cifar10n::c10n_aggre,cifar10n,gate_coteach,-0.049199999999999994,0.5641740815413899,-0.04122159550570352,-0.2041795660125877,0.01901641122606523,0.03849532586942219,-3.494432301003584,0.009368886055252133,-0.339832278643843,-3.5322781765821434,-0.3435127763691644
split_mnist__rate40__replay_coteach__seed0,split_mnist::rate40,split_mnist,gate_coteach,0.2719768331848813,0.643874140680154,0.14611101664440937,0.2766602791057935,-0.13749616760003625,0.035374472896330285,2.691680934555535,0.014436066614614579,0.3257658955277407,2.7078036767185933,0.3277171816076337
cifar10n__c10n_aggre__gate_coteach__seed1,cifar10n::c10n_aggre,cifar10n,gate_coteach,-0.04139999999999999,0.5393494528321346,-0.035010564128793685,-0.1761604372716636,0.013356203745445014,0.030211366117154175,-3.225211143475739,0.00863788925502445,-0.3010549756298051,-3.2544279267553904,-0.3037821948991635
split_mnist__rate60_asym__replay_coteach__seed2,split_mnist::rate60_asym,split_mnist,gate_coteach,-0.24356024705139873,-0.6160485433396199,0.014348890390835485,0.21848110192655135,-0.06634722657771239,0.028756088683303264,-2.2802347244527703,0.016320948030755567,-0.2937145996540005,-2.289392044415014,-0.2948941442586725
split_mnist__rate60__replay_coteach__seed2,split_mnist::rate60,split_mnist,gate_coteach,-0.24356024705139873,-0.6160485433396199,0.014348890390831965,0.21848110192654324,-0.06634722657770367,0.028756088683303264,-2.2802347244527703,0.016320948030755567,-0.2937145996540005,-2.289392044415014,-0.2948941442586725
cifar10n__c10n_aggre__gate_coteach__seed2,cifar10n::c10n_aggre,cifar10n,gate_coteach,-0.0734000000000001,0.4509014332736241,0.0217361169126313,-0.10471666453928,-0.052108995015046504,0.026713867519847185,-3.480045433223595,0.006573910035189164,-0.2830929221290097,-3.5173927118535278,-0.28613102908588367
permuted_mnist__rate20__replay_error__seed1,permuted_mnist::rate20,permuted_mnist,gate_loss,0.053079999999999905,0.7051396684400453,-0.08638235942556607,-0.2043734052874197,0.08030716230240033,0.02213112306877685,-2.0453485194372765,0.015622542902546728,-0.2576691079782956,-2.051566172773442,-0.25845239609453746
permuted_mnist__rate60__replay_losstraj__seed0,permuted_mnist::rate60,permuted_mnist,gate_spr,0.23582000000000014,0.2173185906816941,-0.10594449755667425,-0.05802462785837895,0.15534321762926884,0.02062467574493517,3.834706727587199,0.004190062771264357,0.24874490393735812,3.885661448884121,0.25205017032526067
split_mnist__rate60_asym__replay_coteach__seed0,split_mnist::rate60_asym,split_mnist,gate_coteach,-0.229249575856624,-0.6817917798892088,0.013262081026012984,0.17810121775411286,-0.05361170430994131,0.018899811636291917,-1.7004314777637952,0.01923209971723517,-0.23811643141302902,-1.7034970773042923,-0.2385457163517462
split_mnist__rate60__replay_coteach__seed0,split_mnist::rate60,split_mnist,gate_coteach,-0.229249575856624,-0.6817917798892088,0.01326208102600894,0.17810121775411897,-0.05361170430993936,0.018899811636291917,-1.7004314777637952,0.01923209971723517,-0.23811643141302902,-1.7034970773042926,-0.23854571635174623
permuted_mnist__rate60__replay_coteach__seed1,permuted_mnist::rate60,permuted_mnist,gate_coteach,0.22916000000000003,0.525634690422369,0.1042523139221351,0.18841291620010614,-0.09209944177816734,0.017920729093555306,2.3345955876391185,0.009767664021013703,0.2318667446631058,2.344534877418494,0.23285389240621351
permuted_mnist__rate60__replay_coteach__seed0,permuted_mnist::rate60,permuted_mnist,gate_coteach,0.22374000000000016,0.514569485978279,0.112346482081892,0.1893387467398896,-0.1007321195011964,0.017145013863698738,2.271292364668595,0.009871982195559677,0.2267929487243733,2.280324839503072,0.22769485885882165
split_mnist__rate80__replay_coteach__seed2,split_mnist::rate80,split_mnist,gate_coteach,-0.10546091195035351,-0.8009589150030081,-0.02246629908100959,-0.17236951259119962,0.057689770171373375,0.016383997037761423,1.366129959259444,0.025660631219887542,0.22170248332683212,1.367256344622512,0.22188527884381978
permuted_mnist__late40__replay_error__seed1,permuted_mnist::late40,permuted_mnist,gate_loss,0.021520000000000206,0.5838323384178388,-0.035580775013154674,-0.1379052278614883,0.023130526811432097,0.015532300161026927,-2.1424078395926736,0.010049998394090412,-0.21586315221241625,-2.1497563639572004,-0.21660356942155887
permuted_mnist__rate60__replay_coteach__seed2,permuted_mnist::rate60,permuted_mnist,gate_coteach,0.22019999999999995,0.5103580100432671,0.0923070863172474,0.16943550532153343,-0.07998886871136261,0.015085809862028328,2.2192735956211127,0.009105329881546071,0.21273793640553387,2.227600683459633,0.2135361649279341
split_mnist__rate80__replay_coteach__seed1,split_mnist::rate80,split_mnist,gate_coteach,-0.1108661674853604,-0.8068307718729978,-0.025173636088811267,-0.16608686443828494,0.058543287363509514,0.014781567176891233,1.2824798638646009,0.026253460325575392,0.21058181671424936,1.2832665993664714,0.21071099783897926
permuted_mnist__rate60__replay_error__seed0,permuted_mnist::rate60,permuted_mnist,gate_loss,0.22854000000000008,0.3609907433654131,0.05346198794952448,0.11880687076200142,-0.02693286270288515,0.014293713229839864,3.044790878900295,0.004604126162773609,0.2070776175483956,3.0690148631787646,0.20872510177684514
cifar10n__c10n_aggre__gate_loss__seed0,cifar10n::c10n_aggre,cifar10n,gate_loss,0.0065999999999999115,0.5309510562974613,-0.025726944234959276,-0.11946410728509127,0.01080901456886036,0.013820427752976726,-2.21103936093469,0.008409729917105506,-0.2036204391973708,-2.2192580180181123,-0.20437731697824918
split_mnist__rate40__replay_coteach__seed2,split_mnist::rate40,split_mnist,gate_coteach,0.21864990034756548,0.5585877413016455,0.0744252734019727,0.1557359228989903,-0.06431736081691729,0.01346808432273449,1.97860352432288,0.01021527987922206,0.20100809179782655,1.9841087119166354,0.20156736870176747
permuted_mnist__rate60__replay_losstraj__seed1,permuted_mnist::rate60,permuted_mnist,gate_spr,0.2099399999999999,0.2447995330751415,-0.06545150888538298,-0.019387710927015783,0.10406539645100352,0.013306679230895803,3.1860867231512793,0.003917159140297824,0.19979999422594438,3.2141688451717205,0.2015610284679712
cifar10n__c10n_aggre__gate_loss__seed1,cifar10n::c10n_aggre,cifar10n,gate_loss,0.00739999999999999,0.5237368971769543,-0.02206718658483573,-0.1124247224474551,0.007125116959707718,0.012884663851397271,-2.162447290987303,0.0081983810401412,-0.19660618391645726,-2.170043731159489,-0.19729683987825936
permuted_mnist__rate60__replay_error__seed2,permuted_mnist::rate60,permuted_mnist,gate_loss,0.21762000000000004,0.3801596649833684,0.055671981661513686,0.1191896116344564,-0.032911893480841614,0.012611970337933733,2.738717156044919,0.005019085351022411,0.19451455219032124,2.755798868095386,0.19572776311383952
cifar10n__c10n_worse__gate_coteach__seed1,cifar10n::c10n_worse,cifar10n,gate_coteach,-0.006399999999999989,0.4826974876967532,-0.035288823908566774,-0.11684938220063497,0.01902261501715566,0.012368293501354136,-2.264076569792435,0.007186484566972117,-0.1926262715832459,-2.2730090762274333,-0.1933862438533643
split_mnist__rate80__replay_coteach__seed0,split_mnist::rate80,split_mnist,gate_coteach,-0.1167059694135663,-0.80972637344328,-0.01720866407631989,-0.1475208343907693,0.04749134590844019,0.012240091209870112,1.1735549121076967,0.02596996862152885,0.19162534704367878,1.1739759574584656,0.19169409794798656
cifar10n__c10n_aggre__gate_coteach__seed3,cifar10n::c10n_aggre,cifar10n,gate_coteach,-0.012399999999999994,0.4633421039281927,0.013179464557408633,-0.07281087458689402,-0.03264652614771459,0.012093805532163314,-2.294201497171574,0.0068460128253160155,-0.1904768138028614,-2.303555936961078,-0.19125346916125613
cifar10n__c10n_aggre__gate_coteach__seed4,cifar10n::c10n_aggre,cifar10n,gate_coteach,0.0007999999999998841,0.4960067082840497,-0.0026432014063414266,-0.08970319063595067,-0.01410643584476061,0.011871025066380955,-2.1716477932657425,0.007494858878215916,-0.18871426866864854,-2.1793597449873072,-0.1893844304387367
permuted_mnist__late40__replay_error__seed2,permuted_mnist::late40,permuted_mnist,gate_loss,0.036660000000000026,0.5776519199734435,-0.028654091430529487,-0.11372955185430977,0.01796032347316809,0.010812637126515548,-1.8063792805341223,0.009843259729769703,-0.18010527859989736,-1.8102776504457416,-0.18049396607355464
split_mnist__rate40__replay_coteach__seed1,split_mnist::rate40,split_mnist,gate_coteach,0.21231313164696775,0.6435595248005497,0.08323443003019813,0.15370605967291817,-0.07870937780342983,0.01079599679591172,1.4740419320590201,0.014687181386450893,0.17996663687399164,1.4756879891839672,0.1801676049458194
permuted_mnist__rate20__replay_agree__seed1,permuted_mnist::rate20,permuted_mnist,replay_agree,0.050739999999999896,0.6045971104417301,-0.041353518209432394,-0.121182856868955,0.03296734219342969,0.009978834095883198,-1.641615580005751,0.010986524676948214,-0.17302168155364112,-1.6442668340868676,-0.17330111630372988
